longitude,latitude,fake_results,color,id
-0.777004344022824,51.28542949722371,2,"[128, 128, 128, 1]",0
-1.9281954903421805,52.61427612368785,0,"[255, 0, 0, 1]",1
-2.3657884892189305,53.39354061906345,0,"[255, 0, 0, 1]",2
-1.399920873555882,53.039951775440315,0,"[255, 0, 0, 1]",3
-0.4545789147339758,50.9278672769609,2,"[128, 128, 128, 1]",4
-1.271944658912507,53.09307886525737,3,"[0, 255, 0, 1]",5
0.7914045444132398,51.12845106482274,3,"[0, 255, 0, 1]",6
-2.1163370896008638,53.49777111397528,1,"[0, 0, 255, 1]",7
-0.7980591351385341,51.73202285179028,3,"[0, 255, 0, 1]",8
-1.2863612796481068,51.99107872358107,3,"[0, 255, 0, 1]",9
0.11661084403082228,51.53804463914155,1,"[0, 0, 255, 1]",10
-1.4885013725626806,53.57648012728903,1,"[0, 0, 255, 1]",11
-1.4077510175295516,53.542667727981396,0,"[255, 0, 0, 1]",12
-3.160153779525388,54.21897204289708,3,"[0, 255, 0, 1]",13
0.43556853768437315,51.60352847917565,1,"[0, 0, 255, 1]",14
-1.0658075087737606,51.26652967567389,0,"[255, 0, 0, 1]",15
-0.9889267815691322,53.354872108038755,3,"[0, 255, 0, 1]",16
-2.3666595622339717,51.380183062931664,1,"[0, 0, 255, 1]",17
-1.6845976605727644,53.72322440619002,2,"[128, 128, 128, 1]",18
-0.16188146630447023,51.46601595427732,1,"[0, 0, 255, 1]",19
-0.6181011546908215,51.56231067419543,1,"[0, 0, 255, 1]",20
0.005524650134054315,51.38101688725439,2,"[128, 128, 128, 1]",21
-0.46428658138514045,52.13189633389304,0,"[255, 0, 0, 1]",22
-0.07467810739503973,51.495940141825365,1,"[0, 0, 255, 1]",23
-1.9340214200970771,55.429353812054764,0,"[255, 0, 0, 1]",24
-0.04770821923651506,51.5267224346153,1,"[0, 0, 255, 1]",25
-0.2472574402276921,53.805783981769075,3,"[0, 255, 0, 1]",26
0.42861170929793474,50.9435834850295,3,"[0, 255, 0, 1]",27
0.16060529346121563,51.46199308554172,0,"[255, 0, 0, 1]",28
-3.0461238614483124,53.38585605812322,2,"[128, 128, 128, 1]",29
-1.9654665626154602,52.452522234695216,3,"[0, 255, 0, 1]",30
-1.8375020235986792,52.525062160518424,3,"[0, 255, 0, 1]",31
-1.8705826505087593,52.442017307526015,3,"[0, 255, 0, 1]",32
-1.81341776644295,52.489193857008324,2,"[128, 128, 128, 1]",33
-1.898735960477578,52.488598883426135,3,"[0, 255, 0, 1]",34
-1.9693965559668272,52.40687037982578,2,"[128, 128, 128, 1]",35
-1.9133547705642988,52.525806562035854,3,"[0, 255, 0, 1]",36
-1.9085870878839137,52.42363733322243,3,"[0, 255, 0, 1]",37
-1.8087845104381253,52.46145454685245,2,"[128, 128, 128, 1]",38
-1.9751577120315562,54.600373520095495,2,"[128, 128, 128, 1]",39
-2.4971729922874806,53.743973711634816,0,"[255, 0, 0, 1]",40
-2.2336114246066434,53.516006327768295,0,"[255, 0, 0, 1]",41
-3.0290316724665654,53.8582121618536,2,"[128, 128, 128, 1]",42
-3.026075940368484,53.79886710115854,0,"[255, 0, 0, 1]",43
-1.7125060948484896,54.93187773322063,2,"[128, 128, 128, 1]",44
-1.552439205253904,55.091597858096094,3,"[0, 255, 0, 1]",45
-0.638772489830876,50.80298319119004,1,"[0, 0, 255, 1]",46
-1.308940480471735,53.20204151096233,0,"[255, 0, 0, 1]",47
-2.4151623649328817,53.60380582801736,0,"[255, 0, 0, 1]",48
-2.4172831186635513,53.552001178258955,2,"[128, 128, 128, 1]",49
-2.519952470121781,53.57640928196853,3,"[0, 255, 0, 1]",50
-2.997185765452317,53.470517666781916,3,"[0, 255, 0, 1]",51
0.04499434815748142,53.034054234917335,3,"[0, 255, 0, 1]",52
-1.3955343950718904,52.61507330818718,3,"[0, 255, 0, 1]",53
-1.8304402050692197,50.73851899165915,0,"[255, 0, 0, 1]",54
-1.9002647952360272,50.7455502216786,2,"[128, 128, 128, 1]",55
-0.799579482955243,51.37782604020574,3,"[0, 255, 0, 1]",56
-1.7306492582247517,53.81345464528006,1,"[0, 0, 255, 1]",57
-1.7651522227612273,53.76489966835218,0,"[255, 0, 0, 1]",58
-1.8156361037441995,53.79986987960488,1,"[0, 0, 255, 1]",59
0.5781773887499861,51.975574711536346,3,"[0, 255, 0, 1]",60
-0.2520245792706115,51.55153305540818,1,"[0, 0, 255, 1]",61
-0.29261661246743886,51.568759525561774,3,"[0, 255, 0, 1]",62
-0.3233469301326718,51.47933911446751,3,"[0, 255, 0, 1]",63
0.265577896316404,51.677113157218855,0,"[255, 0, 0, 1]",64
-3.330907598672358,51.13254411185647,2,"[128, 128, 128, 1]",65
-0.7266952392733514,53.612122754654315,1,"[0, 0, 255, 1]",66
-0.05851860071435347,50.82121844370685,1,"[0, 0, 255, 1]",67
-0.1399333087424684,50.85881484701196,3,"[0, 255, 0, 1]",68
-2.539276608972371,51.45477607526072,2,"[128, 128, 128, 1]",69
-2.6386948590629737,51.49923150835318,3,"[0, 255, 0, 1]",70
-2.5978094949122013,51.42345739034044,2,"[128, 128, 128, 1]",71
-2.590094176486668,51.46228861282967,0,"[255, 0, 0, 1]",72
1.1788765664276226,52.747572623797936,3,"[0, 255, 0, 1]",73
0.05632247507180582,51.41062647849785,0,"[255, 0, 0, 1]",74
-2.016041751773611,52.361779536118846,3,"[0, 255, 0, 1]",75
-0.06806473412252333,51.720633050425114,1,"[0, 0, 255, 1]",76
-1.2531842330745475,52.964538088868615,0,"[255, 0, 0, 1]",77
-0.8938645515097858,51.89380027958156,1,"[0, 0, 255, 1]",78
-2.22195939428448,53.77895509361397,2,"[128, 128, 128, 1]",79
-1.8087389470925463,52.897500666046376,1,"[0, 0, 255, 1]",80
-2.3198932458041637,53.61795595423655,3,"[0, 255, 0, 1]",81
-2.30479472496899,53.556216454056774,0,"[255, 0, 0, 1]",82
0.8945893557868987,52.24773423502294,2,"[128, 128, 128, 1]",83
-1.9922651415852586,53.717871118689004,3,"[0, 255, 0, 1]",84
-0.07097125530232529,51.47014377040714,2,"[128, 128, 128, 1]",85
-5.23795138394787,50.188161611536714,2,"[128, 128, 128, 1]",86
0.13106888840263484,52.20212737241843,3,"[0, 255, 0, 1]",87
-1.9802768936823596,52.71239975171242,0,"[255, 0, 0, 1]",88
1.0913575970566618,51.26511700750903,0,"[255, 0, 0, 1]",89
-2.9501440596766737,54.86710168362952,0,"[255, 0, 0, 1]",90
-0.15501879591064888,51.36144995348371,1,"[0, 0, 255, 1]",91
0.5813228771249467,51.545467981851715,1,"[0, 0, 255, 1]",92
-3.7773764954619713,50.740017891519344,0,"[255, 0, 0, 1]",93
1.2211356870899461,52.22158271541316,0,"[255, 0, 0, 1]",94
-1.133153989286544,52.698712330362156,0,"[255, 0, 0, 1]",95
0.4840116231003953,51.32968780154361,0,"[255, 0, 0, 1]",96
-2.184749147389416,53.37041711185513,3,"[0, 255, 0, 1]",97
0.4829760552746225,51.72487439708109,0,"[255, 0, 0, 1]",98
-0.1902510571623304,51.47980934909699,1,"[0, 0, 255, 1]",99
-2.073526731725856,51.890867559246125,2,"[128, 128, 128, 1]",100
-0.6277590490013092,51.680526737078495,2,"[128, 128, 128, 1]",101
-1.4168181805595912,53.24834648295132,2,"[128, 128, 128, 1]",102
-0.7751711508174309,50.931845165453076,2,"[128, 128, 128, 1]",103
0.00436240760397513,51.617420545896074,2,"[128, 128, 128, 1]",104
-2.18183842717304,51.38724616414313,1,"[0, 0, 255, 1]",105
-0.18983984571388332,51.638432325664034,1,"[0, 0, 255, 1]",106
-2.611519482701601,53.663102152549136,3,"[0, 255, 0, 1]",107
-1.831412042887933,50.7909951858134,0,"[255, 0, 0, 1]",108
-0.13970559928986034,51.50790397683464,0,"[255, 0, 0, 1]",109
-2.907815803629081,53.190305484757715,3,"[0, 255, 0, 1]",110
-1.5659637681471623,54.7641007445704,0,"[255, 0, 0, 1]",111
1.1558470398814327,51.831151293103616,0,"[255, 0, 0, 1]",112
-0.2474260090335841,53.59646572155965,0,"[255, 0, 0, 1]",113
0.8999293996421174,51.88820646872408,1,"[0, 0, 255, 1]",114
-1.8564346840723605,53.592433723247154,2,"[128, 128, 128, 1]",115
-2.305156632496721,53.161420038847346,0,"[255, 0, 0, 1]",116
-3.3202454206692553,54.48202436782496,1,"[0, 0, 255, 1]",117
-0.5451612469314241,52.47440249258479,0,"[255, 0, 0, 1]",118
-1.4674765615508463,52.42669391630708,2,"[128, 128, 128, 1]",119
-1.555408130977805,52.43128138174401,3,"[0, 255, 0, 1]",120
-1.521119534952664,52.39179558483579,3,"[0, 255, 0, 1]",121
-0.18199742047945597,51.12547643726031,2,"[128, 128, 128, 1]",122
-2.429778680816703,53.06261175353495,1,"[0, 0, 255, 1]",123
-0.04985353302161262,51.36673398741905,0,"[255, 0, 0, 1]",124
-0.10324506564895734,51.399265135098915,0,"[255, 0, 0, 1]",125
-0.102799029323615,51.33067818239211,0,"[255, 0, 0, 1]",126
0.1834946856999388,51.53290767991645,0,"[255, 0, 0, 1]",127
-1.5565996968045808,54.53200536672336,1,"[0, 0, 255, 1]",128
0.2629393386887895,51.41975442689649,3,"[0, 255, 0, 1]",129
-1.0316512642843993,52.307594583839474,0,"[255, 0, 0, 1]",130
-2.1276581744761116,53.45386165264568,1,"[0, 0, 255, 1]",131
-1.4908631189047634,52.921798499054496,0,"[255, 0, 0, 1]",132
-1.4609504288063657,52.892389306340775,3,"[0, 255, 0, 1]",133
-1.673532090715053,53.11501744240614,0,"[255, 0, 0, 1]",134
-1.7771942128330778,51.34748945955633,1,"[0, 0, 255, 1]",135
-1.6659991045353981,53.62591595598892,3,"[0, 255, 0, 1]",136
-1.053668257457101,53.503786364645876,2,"[128, 128, 128, 1]",137
-1.0867834221766544,53.53562543504429,1,"[0, 0, 255, 1]",138
-1.139137398930026,53.58580476795367,3,"[0, 255, 0, 1]",139
1.2882867695782938,51.17924686074915,1,"[0, 0, 255, 1]",140
-2.1066194787688355,52.52228959296337,1,"[0, 0, 255, 1]",141
-2.1372494778611766,52.492275951994266,2,"[128, 128, 128, 1]",142
-0.09155927098693581,51.44435918826932,2,"[128, 128, 128, 1]",143
-0.28290926974119185,51.51527654570951,2,"[128, 128, 128, 1]",144
-0.35072685335805326,51.537623983860136,2,"[128, 128, 128, 1]",145
-0.35889017392892697,51.50709577762083,2,"[128, 128, 128, 1]",146
-1.356188990344227,54.77630845938517,1,"[0, 0, 255, 1]",147
-3.3478674879243626,50.71802971907265,3,"[0, 255, 0, 1]",148
0.056647811806340646,51.52616539258677,1,"[0, 0, 255, 1]",149
-0.9517430859256745,51.09136602128048,2,"[128, 128, 128, 1]",150
-0.04835169247271226,51.22483908536744,1,"[0, 0, 255, 1]",151
-0.3175327088240854,50.843089784165024,0,"[255, 0, 0, 1]",152
-0.5336194384593463,53.9922963900132,0,"[255, 0, 0, 1]",153
0.2590358484508197,50.78137088918638,0,"[255, 0, 0, 1]",154
-1.3212142545741614,50.93273199589381,3,"[0, 255, 0, 1]",155
-2.656111847748962,53.10741748143666,3,"[0, 255, 0, 1]",156
-0.053098288601198126,51.62890270541666,0,"[255, 0, 0, 1]",157
-2.931913347811007,53.27339326839158,1,"[0, 0, 255, 1]",158
-1.4018533807786868,53.835257531277925,3,"[0, 255, 0, 1]",159
0.05496978722158014,51.455723480587004,2,"[128, 128, 128, 1]",160
-0.07930517973890529,51.668607846674476,3,"[0, 255, 0, 1]",161
-0.1257102293285979,51.64218521546051,1,"[0, 0, 255, 1]",162
0.06306955027478178,51.68157426484706,0,"[255, 0, 0, 1]",163
-0.26662630057909087,51.33028785538955,0,"[255, 0, 0, 1]",164
-1.3085254826321848,52.92169048020956,3,"[0, 255, 0, 1]",165
0.13077795190693547,51.49116073846408,3,"[0, 255, 0, 1]",166
-0.3807815377979469,51.356901399027336,0,"[255, 0, 0, 1]",167
-3.5191557732360863,50.726645474799604,0,"[255, 0, 0, 1]",168
-1.2247979655501533,50.857915840205806,3,"[0, 255, 0, 1]",169
0.721595699915097,51.262065125127506,0,"[255, 0, 0, 1]",170
-0.4055651481596669,51.45873112269914,0,"[255, 0, 0, 1]",171
-2.579825302123172,51.53370715058753,1,"[0, 0, 255, 1]",172
-0.19002920469456627,51.587943229695455,0,"[255, 0, 0, 1]",173
0.9850790544352436,51.06447027256473,3,"[0, 255, 0, 1]",174
-2.4652357793229975,51.845165846420244,2,"[128, 128, 128, 1]",175
-2.907165248628286,53.7871067490154,2,"[128, 128, 128, 1]",176
-0.46842547231077203,53.389080983816726,2,"[128, 128, 128, 1]",177
-2.8470932907161175,53.36625459326456,3,"[0, 255, 0, 1]",178
-1.5976064833109145,54.94525586291829,2,"[128, 128, 128, 1]",179
-1.0875610521439345,52.984521124339764,2,"[128, 128, 128, 1]",180
0.5865045873730836,51.36738767846352,3,"[0, 255, 0, 1]",181
-2.24142459264532,51.847146686592374,3,"[0, 255, 0, 1]",182
-1.1753264269765493,50.81131235602834,0,"[255, 0, 0, 1]",183
-0.4802177677587786,52.81647529935941,3,"[0, 255, 0, 1]",184
0.3950994232227501,51.40234566141151,1,"[0, 0, 255, 1]",185
-0.09599519843505273,53.55977053278097,2,"[128, 128, 128, 1]",186
1.659751669630313,52.6422557856038,2,"[128, 128, 128, 1]",187
0.03261840608801416,51.484020960081615,3,"[0, 255, 0, 1]",188
-0.5562202282947577,51.189233378313716,2,"[128, 128, 128, 1]",189
-0.07241820192559371,51.56226088478706,0,"[255, 0, 0, 1]",190
-0.05504299481077756,51.54329867334085,3,"[0, 255, 0, 1]",191
-2.051237753902716,52.46178652511448,2,"[128, 128, 128, 1]",192
-1.873865459701889,53.7386725787277,1,"[0, 0, 255, 1]",193
-0.7004371900782876,53.77436557123818,1,"[0, 0, 255, 1]",194
-2.7446713432232976,53.35256648002008,1,"[0, 0, 255, 1]",195
-0.23026653152197366,51.50528019922672,1,"[0, 0, 255, 1]",196
-0.1917978930233346,51.54748360847942,2,"[128, 128, 128, 1]",197
-1.0145725354316204,52.520653845022565,1,"[0, 0, 255, 1]",198
0.11570910769316696,51.76627509538318,3,"[0, 255, 0, 1]",199
-1.4767688737848197,54.03030566120345,3,"[0, 255, 0, 1]",200
-0.3171424718387942,51.6107677967299,1,"[0, 0, 255, 1]",201
-0.3531151624091183,51.57864764729038,1,"[0, 0, 255, 1]",202
-1.2591992418738092,54.66934437243033,0,"[255, 0, 0, 1]",203
0.9823886058898148,51.894805278222705,1,"[0, 0, 255, 1]",204
0.6629367030190141,50.92169278978521,0,"[255, 0, 0, 1]",205
-0.9849536083430753,50.84119706957481,0,"[255, 0, 0, 1]",206
-0.44364129900098553,51.49483040453874,1,"[0, 0, 255, 1]",207
-2.0716182613116962,53.399035737868815,3,"[0, 255, 0, 1]",208
-0.47978628743312807,51.78571118222683,2,"[128, 128, 128, 1]",209
-1.3730754216370573,53.63617806797945,2,"[128, 128, 128, 1]",210
-0.24554597296500355,51.60996729853212,0,"[255, 0, 0, 1]",211
-1.0769793989484324,51.66976784424832,0,"[255, 0, 0, 1]",212
-2.810663626080997,51.97567788343526,0,"[255, 0, 0, 1]",213
0.041305350236654735,51.814804576710465,3,"[0, 255, 0, 1]",214
-0.28106195580972887,51.677264773305026,0,"[255, 0, 0, 1]",215
-2.2401472904145274,55.05998093921629,2,"[128, 128, 128, 1]",216
-2.2151103505542036,53.59743935832773,1,"[0, 0, 255, 1]",217
-1.8738975100094795,53.37308491643533,3,"[0, 255, 0, 1]",218
-0.32130275049598805,51.87058800052297,0,"[255, 0, 0, 1]",219
-0.14141930480311155,51.54297371691694,3,"[0, 255, 0, 1]",220
0.25082776224444775,51.57048156876055,2,"[128, 128, 128, 1]",221
-0.1308120636691166,51.589726620386806,1,"[0, 0, 255, 1]",222
-0.2949586984966377,51.06202997530431,3,"[0, 255, 0, 1]",223
-1.4502626569751675,54.85168814846418,2,"[128, 128, 128, 1]",224
-0.19753971512421045,50.848218231239606,1,"[0, 0, 255, 1]",225
-1.7593609032127486,53.65278896555014,3,"[0, 255, 0, 1]",226
-0.23231729492693218,52.28356232488573,3,"[0, 255, 0, 1]",227
-2.379271927690122,53.7500985775319,0,"[255, 0, 0, 1]",228
0.08764252327483843,51.59666106059655,3,"[0, 255, 0, 1]",229
0.08995132618575856,51.56487608742571,0,"[255, 0, 0, 1]",230
1.166400263183581,52.05055292087521,1,"[0, 0, 255, 1]",231
-1.2979686362283573,50.674684479074,0,"[255, 0, 0, 1]",232
-0.1143251663099594,51.55957207005985,0,"[255, 0, 0, 1]",233
-0.10603196444298356,51.53738985249391,3,"[0, 255, 0, 1]",234
-1.476934467068058,54.954761538753964,0,"[255, 0, 0, 1]",235
-1.9263433784988961,53.877453809543994,2,"[128, 128, 128, 1]",236
-1.4568793389025196,52.26337709531256,2,"[128, 128, 128, 1]",237
-0.19998131184750534,51.50664914664258,2,"[128, 128, 128, 1]",238
-0.7654028699196695,52.42616475792483,0,"[255, 0, 0, 1]",239
-0.2904081953504916,51.37796404521745,3,"[0, 255, 0, 1]",240
-0.2916386296126652,53.76282952034751,2,"[128, 128, 128, 1]",241
-0.35170473203060554,53.781976830436186,1,"[0, 0, 255, 1]",242
-0.3960213466069777,53.73759049625848,2,"[128, 128, 128, 1]",243
-2.4738720081418375,51.45279416340152,0,"[255, 0, 0, 1]",244
-2.851705030475998,53.44945955750278,0,"[255, 0, 0, 1]",245
-2.711151787184406,53.999966825625144,1,"[0, 0, 255, 1]",246
-1.5366753648917046,53.77830439534665,3,"[0, 255, 0, 1]",247
-1.4596492523949505,53.80740936368173,1,"[0, 0, 255, 1]",248
-1.5360992815602417,53.848845973731166,1,"[0, 0, 255, 1]",249
-1.6318325846018749,53.876649388579864,3,"[0, 255, 0, 1]",250
-1.6150302048241707,53.79995423533881,3,"[0, 255, 0, 1]",251
-1.0865263817778503,52.64695392619501,2,"[128, 128, 128, 1]",252
-1.1282805243396912,52.61285894811109,3,"[0, 255, 0, 1]",253
-1.1624756084472485,52.64901082233179,1,"[0, 0, 255, 1]",254
-2.5133433202968383,53.49141508776318,1,"[0, 0, 255, 1]",255
0.04526598001004987,50.86918222809599,3,"[0, 255, 0, 1]",256
0.0013894532707267183,51.44214546742878,1,"[0, 0, 255, 1]",257
-0.04844525762578359,51.42308855877295,3,"[0, 255, 0, 1]",258
-0.03136580250855815,51.46645119606534,1,"[0, 0, 255, 1]",259
0.013372583985433993,51.56849151660075,0,"[255, 0, 0, 1]",260
-1.8336185466485115,52.75794349460015,1,"[0, 0, 255, 1]",261
-0.5621150964998453,53.21643330266086,2,"[128, 128, 128, 1]",262
-2.9637399831676525,53.39778059529675,2,"[128, 128, 128, 1]",263
-2.948330377135406,53.4463315370296,2,"[128, 128, 128, 1]",264
-2.9169315547760495,53.399606748476295,2,"[128, 128, 128, 1]",265
-2.901447451275387,53.435916682536366,3,"[0, 255, 0, 1]",266
-1.177517908178688,52.77132140410512,0,"[255, 0, 0, 1]",267
0.0046491537107508744,53.28789011192991,1,"[0, 0, 255, 1]",268
-2.7209464638723166,52.47981694991344,1,"[0, 0, 255, 1]",269
-0.45337089218498083,51.906987564715514,0,"[255, 0, 0, 1]",270
-0.41227350376143673,51.870663710934416,2,"[128, 128, 128, 1]",271
-2.119716749801071,53.26174239300395,1,"[0, 0, 255, 1]",272
-0.7924046218412268,51.50016919300577,1,"[0, 0, 255, 1]",273
0.5154689605039152,51.167901661578405,3,"[0, 255, 0, 1]",274
-2.6312177928583775,53.516928241044056,1,"[0, 0, 255, 1]",275
0.6891254700585915,51.67826727397112,2,"[128, 128, 128, 1]",276
-2.2078891353634793,53.48186349612737,0,"[255, 0, 0, 1]",277
-2.2035456931570643,53.451806164954476,3,"[0, 255, 0, 1]",278
-2.2431755514938456,53.42712327992075,0,"[255, 0, 0, 1]",279
-1.1728353789563102,53.170752919729374,1,"[0, 0, 255, 1]",280
-1.1348309399249805,50.95980605970839,0,"[255, 0, 0, 1]",281
-1.7113027567114991,52.41162485046027,0,"[255, 0, 0, 1]",282
-0.4856465681790614,52.02993572174932,3,"[0, 255, 0, 1]",283
-1.4272930654281806,52.96482342773989,3,"[0, 255, 0, 1]",284
-2.0903314315921024,50.750045426039364,2,"[128, 128, 128, 1]",285
0.930127583688587,52.64920164543175,1,"[0, 0, 255, 1]",286
-0.11035353150602718,51.02598047183902,0,"[255, 0, 0, 1]",287
-2.05747164841056,52.18253992508164,0,"[255, 0, 0, 1]",288
-1.2348372507758747,54.557856615800404,3,"[0, 255, 0, 1]",289
-1.0118642277269267,54.53502443722445,1,"[0, 0, 255, 1]",290
-0.7289897009244664,52.10821456572143,2,"[128, 128, 128, 1]",291
-0.7465034189834668,52.0138098262611,0,"[255, 0, 0, 1]",292
-0.17139270630653614,51.401015329519254,3,"[0, 255, 0, 1]",293
-0.37285721612469586,51.22267143612762,0,"[255, 0, 0, 1]",294
-2.715006848531113,54.12760155958521,2,"[128, 128, 128, 1]",295
-1.5534230512297154,53.72777662120481,3,"[0, 255, 0, 1]",296
-1.5273553791973842,50.85224965913278,1,"[0, 0, 255, 1]",297
-1.7461393780087184,50.8684292253379,0,"[255, 0, 0, 1]",298
-0.8665749152982851,53.125874768817326,0,"[255, 0, 0, 1]",299
-1.346499507363844,51.45476086172853,2,"[128, 128, 128, 1]",300
-1.649792947092564,54.98400431417504,3,"[0, 255, 0, 1]",301
-1.5753875647251545,54.98440927592645,1,"[0, 0, 255, 1]",302
-1.6835409187761334,55.02287321576155,3,"[0, 255, 0, 1]",303
-2.285492237451191,53.03187481058766,2,"[128, 128, 128, 1]",304
-3.5762054033372714,50.55039944602349,3,"[0, 255, 0, 1]",305
-1.3312358024436959,53.69826223872912,2,"[128, 128, 128, 1]",306
-4.609763792207615,50.62600481818205,3,"[0, 255, 0, 1]",307
-3.910914961671153,51.069123701578164,3,"[0, 255, 0, 1]",308
-2.16385553304242,50.90278105988747,3,"[0, 255, 0, 1]",309
-1.6324246728858436,54.859710095344425,3,"[0, 255, 0, 1]",310
-0.39690314574049446,52.173661696495785,3,"[0, 255, 0, 1]",311
0.10335048694349906,52.53380020199386,3,"[0, 255, 0, 1]",312
-1.4592237331781668,53.24650623516193,1,"[0, 0, 255, 1]",313
-0.9930075851390677,51.271001080723636,3,"[0, 255, 0, 1]",314
-0.05708064240957835,51.933987066919535,1,"[0, 0, 255, 1]",315
-2.484813467748992,51.353802098630716,2,"[128, 128, 128, 1]",316
-2.7126357191452484,52.1670913499949,1,"[0, 0, 255, 1]",317
1.2684868743150854,52.847560114853316,1,"[0, 0, 255, 1]",318
-2.771865847416051,52.86656767894787,0,"[255, 0, 0, 1]",319
-2.7440777485493224,51.42015201413078,2,"[128, 128, 128, 1]",320
-1.750862912273509,51.61604246993651,0,"[255, 0, 0, 1]",321
1.2456311534601063,51.35038801331181,0,"[255, 0, 0, 1]",322
-1.5526488268421623,55.02277449795852,2,"[128, 128, 128, 1]",323
-1.626959606248784,52.54486081944592,1,"[0, 0, 255, 1]",324
-0.244651958821121,52.4650831202634,1,"[0, 0, 255, 1]",325
-1.9509897695654237,54.77291326487737,1,"[0, 0, 255, 1]",326
-1.3739415089801446,51.26378861811645,2,"[128, 128, 128, 1]",327
-1.4049434518620099,52.75316474858002,2,"[128, 128, 128, 1]",328
0.5456473987769807,52.82264416193793,1,"[0, 0, 255, 1]",329
-2.044062467858379,51.532598198226175,0,"[255, 0, 0, 1]",330
-0.8697352079437362,52.26454144425381,1,"[0, 0, 255, 1]",331
-0.8868348081822279,52.24372332428101,1,"[0, 0, 255, 1]",332
1.3111801997885075,52.65316335252727,3,"[0, 255, 0, 1]",333
1.2667899740388469,52.62576558318468,0,"[255, 0, 0, 1]",334
-1.137256236053902,52.96676697254776,3,"[0, 255, 0, 1]",335
-1.1974196371334738,52.98926708341893,1,"[0, 0, 255, 1]",336
-1.1840104315393374,52.93646835862915,1,"[0, 0, 255, 1]",337
-1.5184532287148953,52.523181633266425,3,"[0, 255, 0, 1]",338
0.11857422617584479,51.43772201701245,3,"[0, 255, 0, 1]",339
-2.018872332097088,53.55726904884162,3,"[0, 255, 0, 1]",340
-2.135478527071196,53.54426152670706,0,"[255, 0, 0, 1]",341
0.08001678214254426,51.34971323164827,1,"[0, 0, 255, 1]",342
-1.2234497990667035,51.74631064474438,0,"[255, 0, 0, 1]",343
-1.2992715225805362,51.74657755548796,2,"[128, 128, 128, 1]",344
-2.184824934612745,53.86550387199625,3,"[0, 255, 0, 1]",345
-1.6232838094496003,53.49800706723851,1,"[0, 0, 255, 1]",346
-2.680395217834787,54.72228380732702,0,"[255, 0, 0, 1]",347
-0.1605761966144108,52.61747371936593,0,"[255, 0, 0, 1]",348
-4.138706143581667,50.41307869455918,1,"[0, 0, 255, 1]",349
-4.141714958205255,50.380725656505135,0,"[255, 0, 0, 1]",350
-1.9652898417038231,50.72424482350449,3,"[0, 255, 0, 1]",351
-0.02491605133047793,51.50886604464672,1,"[0, 0, 255, 1]",352
-1.0669578691629387,50.83392170630492,3,"[0, 255, 0, 1]",353
-1.0762182219638834,50.79422501969096,0,"[255, 0, 0, 1]",354
-2.691324104795204,53.76963434756571,1,"[0, 0, 255, 1]",355
-1.691643446401689,53.83969949500885,3,"[0, 255, 0, 1]",356
-0.22465099364543525,51.45233594139565,2,"[128, 128, 128, 1]",357
0.674512550264255,51.60679884386812,0,"[255, 0, 0, 1]",358
-0.948366880282217,51.458520518864525,1,"[0, 0, 255, 1]",359
-1.044044126383164,51.45556208771767,3,"[0, 255, 0, 1]",360
-1.108070157129636,54.58710955563639,0,"[255, 0, 0, 1]",361
-1.9849027009685198,52.24243373362745,1,"[0, 0, 255, 1]",362
-0.1933210089774755,51.25754746083909,2,"[128, 128, 128, 1]",363
-2.4595315207154425,53.89478360036125,2,"[128, 128, 128, 1]",364
-1.7276886690941513,54.36598923004362,0,"[255, 0, 0, 1]",365
-0.2789749867263321,51.446989942646994,3,"[0, 255, 0, 1]",366
-2.1092032447966456,53.63278081754839,1,"[0, 0, 255, 1]",367
0.5486692809258878,51.430731960558965,2,"[128, 128, 128, 1]",368
0.7983715520228043,51.57007980852688,2,"[128, 128, 128, 1]",369
0.1803921100950548,51.59118947951869,1,"[0, 0, 255, 1]",370
-1.4994542772503412,51.072338433800866,0,"[255, 0, 0, 1]",371
-2.3455295990028353,53.682165574756574,2,"[128, 128, 128, 1]",372
-1.23958526808437,53.37342799866579,2,"[128, 128, 128, 1]",373
-1.3685329566636433,53.431745536798026,3,"[0, 255, 0, 1]",374
-1.3346475641549715,52.423893587456945,3,"[0, 255, 0, 1]",375
-0.4382359334240639,51.593080830115596,2,"[128, 128, 128, 1]",376
-0.5260459060324898,51.38782860720328,1,"[0, 0, 255, 1]",377
-1.0822200760784013,52.879183375989236,1,"[0, 0, 255, 1]",378
-0.7926385706934068,52.70621497467379,3,"[0, 255, 0, 1]",379
0.31028211866781824,51.90359671660963,3,"[0, 255, 0, 1]",380
-2.3129138853038906,53.4992454284285,0,"[255, 0, 0, 1]",381
-1.8143111604213504,51.091057130593704,2,"[128, 128, 128, 1]",382
-0.6701374062459527,54.38622907520059,0,"[255, 0, 0, 1]",383
-0.5889035009339254,53.528755201384236,0,"[255, 0, 0, 1]",384
-1.5097330843234753,54.61207114253333,2,"[128, 128, 128, 1]",385
-3.0064354563423827,53.52590044751822,3,"[0, 255, 0, 1]",386
-1.200533507344445,53.841643525274044,2,"[128, 128, 128, 1]",387
0.18183008821496482,51.310213693231276,3,"[0, 255, 0, 1]",388
-1.4738210560312919,53.37626291837013,3,"[0, 255, 0, 1]",389
-1.3851160026377538,53.36393268045114,3,"[0, 255, 0, 1]",390
-1.4671130606997493,53.41566863126033,1,"[0, 0, 255, 1]",391
-1.5896882519748277,53.38190166004576,0,"[255, 0, 0, 1]",392
-1.4570835216700835,53.34575672616026,1,"[0, 0, 255, 1]",393
-1.0808585236084123,53.11755112303969,3,"[0, 255, 0, 1]",394
-1.8231006909223029,53.850231448543624,3,"[0, 255, 0, 1]",395
-2.7801874462593337,52.66922761247534,2,"[128, 128, 128, 1]",396
0.775150591645191,51.36327659201697,0,"[255, 0, 0, 1]",397
-1.9576246770361394,54.087826462986214,3,"[0, 255, 0, 1]",398
-0.48656406634166216,53.05955732357169,0,"[255, 0, 0, 1]",399
-0.6007595894867215,51.513397606952466,2,"[128, 128, 128, 1]",400
-1.7970470967214678,52.419698604281926,1,"[0, 0, 255, 1]",401
-2.55475784060927,51.10175805997708,3,"[0, 255, 0, 1]",402
0.43387275279749427,51.53192117883834,0,"[255, 0, 0, 1]",403
0.012227134736288586,52.164135375794956,1,"[0, 0, 255, 1]",404
-1.5595479969113877,52.83102301519388,1,"[0, 0, 255, 1]",405
-2.201222588301188,50.65335136895797,2,"[128, 128, 128, 1]",406
0.2885509509560034,52.26348529249487,1,"[0, 0, 255, 1]",407
-4.452109439316806,50.43835609669361,2,"[128, 128, 128, 1]",408
-0.057592063934401715,52.78452057542835,2,"[128, 128, 128, 1]",409
-1.1977125017185237,52.51469836874107,2,"[128, 128, 128, 1]",410
1.30591116186455,52.50494362675113,0,"[255, 0, 0, 1]",411
-1.041360516822529,52.11937505377539,0,"[255, 0, 0, 1]",412
-2.8128087345406985,53.68644433388002,0,"[255, 0, 0, 1]",413
-1.4094188515460406,54.973213466073474,1,"[0, 0, 255, 1]",414
-2.180654102748366,52.57906639773104,3,"[0, 255, 0, 1]",415
0.8813269323763968,52.05889064974113,3,"[0, 255, 0, 1]",416
-1.737681579635634,51.53331852410803,0,"[255, 0, 0, 1]",417
1.3129152660665098,51.29579091116853,0,"[255, 0, 0, 1]",418
-0.5769772709270382,51.895894139207606,0,"[255, 0, 0, 1]",419
-3.9724199297338143,50.38335576116085,2,"[128, 128, 128, 1]",420
-0.553024650308423,51.725102449479046,1,"[0, 0, 255, 1]",421
0.5811211809510592,52.553474273808824,2,"[128, 128, 128, 1]",422
-0.6837667269611786,51.152357909126394,2,"[128, 128, 128, 1]",423
-2.1349915933924635,51.149669505564894,3,"[0, 255, 0, 1]",424
-1.366065828900576,50.90742668352867,3,"[0, 255, 0, 1]",425
-1.430228901988713,50.924099329440864,2,"[128, 128, 128, 1]",426
0.6639779505736618,51.55431590538592,3,"[0, 255, 0, 1]",427
-3.0032416750529296,53.64027600942928,0,"[255, 0, 0, 1]",428
-0.46796431096661373,51.424772449918805,3,"[0, 255, 0, 1]",429
-0.33797125413420825,51.732149155351195,2,"[128, 128, 128, 1]",430
-4.872636808257038,50.37212969482629,1,"[0, 0, 255, 1]",431
-2.7161378692075955,53.47946158280121,3,"[0, 255, 0, 1]",432
-2.744470475140153,53.423428522743585,0,"[255, 0, 0, 1]",433
-5.43041990711549,50.09890404470085,0,"[255, 0, 0, 1]",434
-2.128590059009201,52.76897442556696,3,"[0, 255, 0, 1]",435
-1.9820323049069803,53.094664949088994,1,"[0, 0, 255, 1]",436
-2.0324331892471537,53.47686928876084,3,"[0, 255, 0, 1]",437
-0.19408471930278404,51.881701607763276,3,"[0, 255, 0, 1]",438
-2.1675394337674794,53.41088236227075,2,"[128, 128, 128, 1]",439
-1.3285900928435206,54.59185045009421,3,"[0, 255, 0, 1]",440
-1.33733404049269,54.51831110606281,0,"[255, 0, 0, 1]",441
-2.164112857427901,53.0169078991589,0,"[255, 0, 0, 1]",442
-2.2042960708084984,53.0659273915651,3,"[0, 255, 0, 1]",443
-2.1444787266901,52.97953137225185,3,"[0, 255, 0, 1]",444
-2.209697263798796,52.88923564269058,3,"[0, 255, 0, 1]",445
-2.129037135409921,52.45545091119853,3,"[0, 255, 0, 1]",446
-1.7128471849613895,52.16829954446396,3,"[0, 255, 0, 1]",447
-0.1282461495526512,51.43873025731618,2,"[128, 128, 128, 1]",448
-2.3524005835127406,53.4463567878384,2,"[128, 128, 128, 1]",449
-2.2932237173768364,51.743994637015064,2,"[128, 128, 128, 1]",450
1.4790006095078128,52.19587367303314,3,"[0, 255, 0, 1]",451
-1.3881055851911155,54.90264100219698,1,"[0, 0, 255, 1]",452
-0.6764335637911221,51.33187045971639,2,"[128, 128, 128, 1]",453
-0.2089023550363049,51.36308749321837,3,"[0, 255, 0, 1]",454
-1.8131858530395872,52.561758700894316,3,"[0, 255, 0, 1]",455
-1.7413178341455327,52.646444236580216,0,"[255, 0, 0, 1]",456
-2.391732536056013,53.2977221449458,2,"[128, 128, 128, 1]",457
-3.1573350597227603,51.010510939095326,0,"[255, 0, 0, 1]",458
-2.4549052638698736,52.664697800489016,2,"[128, 128, 128, 1]",459
-2.060198829859855,51.94842443280666,2,"[128, 128, 128, 1]",460
-1.9173996131890327,51.806517191729995,1,"[0, 0, 255, 1]",461
-2.4447727502684784,52.72046741312356,1,"[0, 0, 255, 1]",462
-0.9358084711353903,54.198234182161826,3,"[0, 255, 0, 1]",463
-2.4291278661568465,51.55391988017372,1,"[0, 0, 255, 1]",464
0.30657672853165413,51.49306770458201,1,"[0, 0, 255, 1]",465
-3.2629038524115597,50.86086836430879,3,"[0, 255, 0, 1]",466
0.2594194407518356,51.233781914548906,3,"[0, 255, 0, 1]",467
-0.16549124266139723,51.436741797218936,2,"[128, 128, 128, 1]",468
-3.5470550034492003,50.46694392808369,3,"[0, 255, 0, 1]",469
-4.182658011011721,50.763343032165956,1,"[0, 0, 255, 1]",470
-3.725216124999117,50.37134027455175,0,"[255, 0, 0, 1]",471
-0.07838670231260815,51.59115738899116,0,"[255, 0, 0, 1]",472
-5.046932475829728,50.27765892101964,3,"[0, 255, 0, 1]",473
0.38598427279705994,51.12017534544179,3,"[0, 255, 0, 1]",474
-0.34506170538526076,51.429055282691095,3,"[0, 255, 0, 1]",475
-1.4804143537204462,55.03482775870649,1,"[0, 0, 255, 1]",476
-0.4418881936638935,51.543974745413664,2,"[128, 128, 128, 1]",477
-0.12118560231012171,51.47844475696551,2,"[128, 128, 128, 1]",478
-1.5487507075539877,53.651253714271355,2,"[128, 128, 128, 1]",479
-3.077241000284312,53.41461931127531,2,"[128, 128, 128, 1]",480
-2.0171734997772157,52.605763953606306,1,"[0, 0, 255, 1]",481
-1.975881718572634,52.57385739470436,2,"[128, 128, 128, 1]",482
-0.027788329101525486,51.585128795212476,2,"[128, 128, 128, 1]",483
-1.6366172690797003,55.169835758745535,3,"[0, 255, 0, 1]",484
-1.4222800246067915,51.6150551721226,2,"[128, 128, 128, 1]",485
-1.9876695662848338,52.48680995643611,1,"[0, 0, 255, 1]",486
-2.5514154395747757,53.42696154235021,0,"[255, 0, 0, 1]",487
-2.574457749509384,53.3705969633268,2,"[128, 128, 128, 1]",488
-1.5824384903002235,52.268636536588176,3,"[0, 255, 0, 1]",489
-1.5005235484502661,54.908111750581845,2,"[128, 128, 128, 1]",490
-0.407260288773906,51.67271741672896,1,"[0, 0, 255, 1]",491
1.5693021788157682,52.442007919149546,3,"[0, 255, 0, 1]",492
0.16767741154466512,51.01198648193394,1,"[0, 0, 255, 1]",493
-2.650441696108798,53.275967436664196,3,"[0, 255, 0, 1]",494
-0.6692597546743773,52.29074780000625,2,"[128, 128, 128, 1]",495
-2.737793398132835,51.23056335832431,2,"[128, 128, 128, 1]",496
-0.20183196876798534,51.77514178466109,3,"[0, 255, 0, 1]",497
-1.3358710301837837,53.48337272954735,3,"[0, 255, 0, 1]",498
-1.9775543337353125,52.53597423441405,1,"[0, 0, 255, 1]",499
-2.0364408329738306,52.5290485908757,1,"[0, 0, 255, 1]",500
-2.5893008001022246,50.79054088726156,1,"[0, 0, 255, 1]",501
0.014347063452795626,51.5306903392263,2,"[128, 128, 128, 1]",502
-2.866820923454133,53.57325723145285,0,"[255, 0, 0, 1]",503
0.5977921246648721,52.29425097982602,0,"[255, 0, 0, 1]",504
-2.294031918968004,52.16077397930963,0,"[255, 0, 0, 1]",505
-0.18043944328507758,51.52668002581401,1,"[0, 0, 255, 1]",506
-2.784350858278767,54.32187480785005,3,"[0, 255, 0, 1]",507
-2.872300758866894,51.342473560440034,2,"[128, 128, 128, 1]",508
-2.6433148802221345,53.56679879889926,2,"[128, 128, 128, 1]",509
-0.21739535036628274,51.41688266833826,2,"[128, 128, 128, 1]",510
-1.2897417847702135,51.09194744227468,2,"[128, 128, 128, 1]",511
-0.6546928513071852,51.4419717475038,0,"[255, 0, 0, 1]",512
-3.0292772812344944,53.329514196976255,2,"[128, 128, 128, 1]",513
-3.1300320079199593,53.369499210459274,1,"[0, 0, 255, 1]",514
0.7095608304661498,51.809765739351036,3,"[0, 255, 0, 1]",515
-1.5068828461267545,51.83767128128787,2,"[128, 128, 128, 1]",516
-0.6002077012040399,51.30067317184815,2,"[128, 128, 128, 1]",517
-0.9909446976173616,51.40397365040814,1,"[0, 0, 255, 1]",518
-2.1062086621877443,52.61123246426298,0,"[255, 0, 0, 1]",519
-2.094237718991724,52.56463527832115,0,"[255, 0, 0, 1]",520
-2.160477032191215,52.58555819648182,0,"[255, 0, 0, 1]",521
-2.2112603838441136,52.19674680864633,2,"[128, 128, 128, 1]",522
-3.2814778757096934,54.771043469692096,0,"[255, 0, 0, 1]",523
-2.410740447412106,53.48269826526674,0,"[255, 0, 0, 1]",524
-0.4353322500460514,50.82059392093676,2,"[128, 128, 128, 1]",525
-0.8248936212532836,51.60796306578297,1,"[0, 0, 255, 1]",526
-2.776662008741767,53.855853741860614,1,"[0, 0, 255, 1]",527
-2.2746557104450624,52.37959158114841,3,"[0, 255, 0, 1]",528
-2.281528599761064,53.3925257915588,3,"[0, 255, 0, 1]",529
-2.817414947712852,50.91925641316621,1,"[0, 0, 255, 1]",530
-1.0922975048286059,53.95674881479849,1,"[0, 0, 255, 1]",531
-1.0585209586873456,53.95896046935774,2,"[128, 128, 128, 1]",532
