longitude,latitude,fake_results,color,id,geometry,centroid,x_bin,y_bin,hex_x,hex_y
-1.9281954903421805,52.61427612368785,0,"[255, 0, 0, 1]",1,,"('52.61427612368785', '-1.9281954903421805')",18,25,20,25
-2.3657884892189305,53.39354061906345,0,"[255, 0, 0, 1]",2,,"('53.39354061906345', '-2.3657884892189305')",24,28,24,28
-1.399920873555882,53.039951775440315,0,"[255, 0, 0, 1]",3,,"('53.039951775440315', '-1.399920873555882')",22,21,22,21
-0.4545789147339758,50.9278672769609,2,"[128, 128, 128, 1]",4,,"('50.9278672769609', '-0.4545789147339758')",6,14,6,14
-1.271944658912507,53.09307886525737,3,"[0, 255, 0, 1]",5,,"('53.09307886525737', '-1.271944658912507')",22,20,24,20
0.7914045444132398,51.12845106482274,3,"[0, 255, 0, 1]",6,,"('51.12845106482274', '0.7914045444132398')",7,6,7,6
-2.1163370896008638,53.49777111397528,1,"[0, 0, 255, 1]",7,,"('53.49777111397528', '-2.1163370896008638')",25,26,30,26
-0.7980591351385341,51.73202285179028,3,"[0, 255, 0, 1]",8,,"('51.73202285179028', '-0.7980591351385341')",12,17,12,17
-1.2863612796481068,51.99107872358107,3,"[0, 255, 0, 1]",9,,"('51.99107872358107', '-1.2863612796481068')",14,20,14,20
0.11661084403082228,51.53804463914155,1,"[0, 0, 255, 1]",10,,"('51.53804463914155', '0.11661084403082228')",10,10,10,10
-1.4885013725626806,53.57648012728903,1,"[0, 0, 255, 1]",11,,"('53.57648012728903', '-1.4885013725626806')",26,22,28,22
-1.4077510175295516,53.542667727981396,0,"[255, 0, 0, 1]",12,,"('53.542667727981396', '-1.4077510175295516')",25,21,26,21
-3.160153779525388,54.21897204289708,3,"[0, 255, 0, 1]",13,,"('54.21897204289708', '-3.160153779525388')",30,33,30,33
0.43556853768437315,51.60352847917565,1,"[0, 0, 255, 1]",14,,"('51.60352847917565', '0.43556853768437315')",11,8,11,8
-1.0658075087737606,51.26652967567389,0,"[255, 0, 0, 1]",15,,"('51.26652967567389', '-1.0658075087737606')",8,19,8,19
-0.9889267815691322,53.354872108038755,3,"[0, 255, 0, 1]",16,,"('53.354872108038755', '-0.9889267815691322')",24,18,24,18
-2.3666595622339717,51.380183062931664,1,"[0, 0, 255, 1]",17,,"('51.380183062931664', '-2.3666595622339717')",9,28,9,28
-1.6845976605727644,53.72322440619002,2,"[128, 128, 128, 1]",18,,"('53.72322440619002', '-1.6845976605727644')",27,23,27,23
-0.16188146630447023,51.46601595427732,1,"[0, 0, 255, 1]",19,,"('51.46601595427732', '-0.16188146630447023')",10,12,14,12
-0.6181011546908215,51.56231067419543,1,"[0, 0, 255, 1]",20,,"('51.56231067419543', '-0.6181011546908215')",10,16,10,16
0.005524650134054315,51.38101688725439,2,"[128, 128, 128, 1]",21,,"('51.38101688725439', '0.005524650134054315')",9,11,9,11
-0.46428658138514045,52.13189633389304,0,"[255, 0, 0, 1]",22,,"('52.13189633389304', '-0.46428658138514045')",15,14,22,14
-0.07467810739503973,51.495940141825365,1,"[0, 0, 255, 1]",23,,"('51.495940141825365', '-0.07467810739503973')",10,12,28,12
-1.9340214200970771,55.429353812054764,0,"[255, 0, 0, 1]",24,,"('55.429353812054764', '-1.9340214200970771')",40,25,40,25
-0.04770821923651506,51.5267224346153,1,"[0, 0, 255, 1]",25,,"('51.5267224346153', '-0.04770821923651506')",10,12,24,12
-0.2472574402276921,53.805783981769075,3,"[0, 255, 0, 1]",26,,"('53.805783981769075', '-0.2472574402276921')",27,13,40,14
0.42861170929793474,50.9435834850295,3,"[0, 255, 0, 1]",27,,"('50.9435834850295', '0.42861170929793474')",6,8,6,8
0.16060529346121563,51.46199308554172,0,"[255, 0, 0, 1]",28,,"('51.46199308554172', '0.16060529346121563')",10,10,14,9
-3.0461238614483124,53.38585605812322,2,"[128, 128, 128, 1]",29,,"('53.38585605812322', '-3.0461238614483124')",24,33,24,33
-1.9654665626154602,52.452522234695216,3,"[0, 255, 0, 1]",30,,"('52.452522234695216', '-1.9654665626154602')",17,25,17,25
-1.8375020235986792,52.525062160518424,3,"[0, 255, 0, 1]",31,,"('52.525062160518424', '-1.8375020235986792')",18,24,21,24
-1.8705826505087593,52.442017307526015,3,"[0, 255, 0, 1]",32,,"('52.442017307526015', '-1.8705826505087593')",17,24,17,24
-1.81341776644295,52.489193857008324,2,"[128, 128, 128, 1]",33,,"('52.489193857008324', '-1.81341776644295')",17,24,16,23
-1.898735960477578,52.488598883426135,3,"[0, 255, 0, 1]",34,,"('52.488598883426135', '-1.898735960477578')",17,25,16,26
-1.9693965559668272,52.40687037982578,2,"[128, 128, 128, 1]",35,,"('52.40687037982578', '-1.9693965559668272')",17,25,16,24
-1.9133547705642988,52.525806562035854,3,"[0, 255, 0, 1]",36,,"('52.525806562035854', '-1.9133547705642988')",18,25,23,26
-1.9085870878839137,52.42363733322243,3,"[0, 255, 0, 1]",37,,"('52.42363733322243', '-1.9085870878839137')",17,25,19,25
-1.8087845104381253,52.46145454685245,2,"[128, 128, 128, 1]",38,,"('52.46145454685245', '-1.8087845104381253')",17,24,20,24
-1.9751577120315562,54.600373520095495,2,"[128, 128, 128, 1]",39,,"('54.600373520095495', '-1.9751577120315562')",33,25,37,25
-2.4971729922874806,53.743973711634816,0,"[255, 0, 0, 1]",40,,"('53.743973711634816', '-2.4971729922874806')",27,29,28,29
-2.2336114246066434,53.516006327768295,0,"[255, 0, 0, 1]",41,,"('53.516006327768295', '-2.2336114246066434')",25,27,26,27
-3.0290316724665654,53.8582121618536,2,"[128, 128, 128, 1]",42,,"('53.8582121618536', '-3.0290316724665654')",28,33,28,33
-3.026075940368484,53.79886710115854,0,"[255, 0, 0, 1]",43,,"('53.79886710115854', '-3.026075940368484')",27,33,27,33
-1.7125060948484896,54.93187773322063,2,"[128, 128, 128, 1]",44,,"('54.93187773322063', '-1.7125060948484896')",36,23,39,23
-1.552439205253904,55.091597858096094,3,"[0, 255, 0, 1]",45,,"('55.091597858096094', '-1.552439205253904')",37,22,40,22
-0.638772489830876,50.80298319119004,1,"[0, 0, 255, 1]",46,,"('50.80298319119004', '-0.638772489830876')",5,16,5,16
-1.308940480471735,53.20204151096233,0,"[255, 0, 0, 1]",47,,"('53.20204151096233', '-1.308940480471735')",23,20,25,20
-2.4151623649328817,53.60380582801736,0,"[255, 0, 0, 1]",48,,"('53.60380582801736', '-2.4151623649328817')",26,28,31,28
-2.4172831186635513,53.552001178258955,2,"[128, 128, 128, 1]",49,,"('53.552001178258955', '-2.4172831186635513')",25,28,25,28
-2.519952470121781,53.57640928196853,3,"[0, 255, 0, 1]",50,,"('53.57640928196853', '-2.519952470121781')",26,29,27,29
-2.997185765452317,53.470517666781916,3,"[0, 255, 0, 1]",51,,"('53.470517666781916', '-2.997185765452317')",25,32,26,32
0.04499434815748142,53.034054234917335,3,"[0, 255, 0, 1]",52,,"('53.034054234917335', '0.04499434815748142')",22,11,34,11
-1.3955343950718904,52.61507330818718,3,"[0, 255, 0, 1]",53,,"('52.61507330818718', '-1.3955343950718904')",18,21,18,21
-1.8304402050692197,50.73851899165915,0,"[255, 0, 0, 1]",54,,"('50.73851899165915', '-1.8304402050692197')",4,24,4,24
-1.9002647952360272,50.7455502216786,2,"[128, 128, 128, 1]",55,,"('50.7455502216786', '-1.9002647952360272')",4,25,3,25
-0.799579482955243,51.37782604020574,3,"[0, 255, 0, 1]",56,,"('51.37782604020574', '-0.799579482955243')",9,17,9,17
-1.7306492582247517,53.81345464528006,1,"[0, 0, 255, 1]",57,,"('53.81345464528006', '-1.7306492582247517')",27,23,28,23
-1.7651522227612273,53.76489966835218,0,"[255, 0, 0, 1]",58,,"('53.76489966835218', '-1.7651522227612273')",27,24,31,24
-1.8156361037441995,53.79986987960488,1,"[0, 0, 255, 1]",59,,"('53.79986987960488', '-1.8156361037441995')",27,24,28,24
0.5781773887499861,51.975574711536346,3,"[0, 255, 0, 1]",60,,"('51.975574711536346', '0.5781773887499861')",14,7,14,6
-0.2520245792706115,51.55153305540818,1,"[0, 0, 255, 1]",61,,"('51.55153305540818', '-0.2520245792706115')",10,13,15,13
-0.29261661246743886,51.568759525561774,3,"[0, 255, 0, 1]",62,,"('51.568759525561774', '-0.29261661246743886')",11,13,24,13
-0.3233469301326718,51.47933911446751,3,"[0, 255, 0, 1]",63,,"('51.47933911446751', '-0.3233469301326718')",10,13,19,13
0.265577896316404,51.677113157218855,0,"[255, 0, 0, 1]",64,,"('51.677113157218855', '0.265577896316404')",11,9,11,9
-3.330907598672358,51.13254411185647,2,"[128, 128, 128, 1]",65,,"('51.13254411185647', '-3.330907598672358')",7,35,7,35
-0.7266952392733514,53.612122754654315,1,"[0, 0, 255, 1]",66,,"('53.612122754654315', '-0.7266952392733514')",26,16,27,16
-0.05851860071435347,50.82121844370685,1,"[0, 0, 255, 1]",67,,"('50.82121844370685', '-0.05851860071435347')",5,12,4,12
-0.1399333087424684,50.85881484701196,3,"[0, 255, 0, 1]",68,,"('50.85881484701196', '-0.1399333087424684')",5,12,6,13
-2.539276608972371,51.45477607526072,2,"[128, 128, 128, 1]",69,,"('51.45477607526072', '-2.539276608972371')",10,29,10,29
-2.6386948590629737,51.49923150835318,3,"[0, 255, 0, 1]",70,,"('51.49923150835318', '-2.6386948590629737')",10,30,10,30
-2.5978094949122013,51.42345739034044,2,"[128, 128, 128, 1]",71,,"('51.42345739034044', '-2.5978094949122013')",9,30,9,30
-2.590094176486668,51.46228861282967,0,"[255, 0, 0, 1]",72,,"('51.46228861282967', '-2.590094176486668')",10,29,11,29
1.1788765664276226,52.747572623797936,3,"[0, 255, 0, 1]",73,,"('52.747572623797936', '1.1788765664276226')",19,3,19,3
0.05632247507180582,51.41062647849785,0,"[255, 0, 0, 1]",74,,"('51.41062647849785', '0.05632247507180582')",9,11,8,10
-2.016041751773611,52.361779536118846,3,"[0, 255, 0, 1]",75,,"('52.361779536118846', '-2.016041751773611')",16,25,15,25
-0.06806473412252333,51.720633050425114,1,"[0, 0, 255, 1]",76,,"('51.720633050425114', '-0.06806473412252333')",12,12,31,12
-1.2531842330745475,52.964538088868615,0,"[255, 0, 0, 1]",77,,"('52.964538088868615', '-1.2531842330745475')",21,20,21,20
-0.8938645515097858,51.89380027958156,1,"[0, 0, 255, 1]",78,,"('51.89380027958156', '-0.8938645515097858')",13,18,13,18
-2.22195939428448,53.77895509361397,2,"[128, 128, 128, 1]",79,,"('53.77895509361397', '-2.22195939428448')",27,27,31,27
-1.8087389470925463,52.897500666046376,1,"[0, 0, 255, 1]",80,,"('52.897500666046376', '-1.8087389470925463')",21,24,24,24
-2.3198932458041637,53.61795595423655,3,"[0, 255, 0, 1]",81,,"('53.61795595423655', '-2.3198932458041637')",26,28,29,28
-2.30479472496899,53.556216454056774,0,"[255, 0, 0, 1]",82,,"('53.556216454056774', '-2.30479472496899')",25,27,29,27
0.8945893557868987,52.24773423502294,2,"[128, 128, 128, 1]",83,,"('52.24773423502294', '0.8945893557868987')",16,5,16,5
-1.9922651415852586,53.717871118689004,3,"[0, 255, 0, 1]",84,,"('53.717871118689004', '-1.9922651415852586')",27,25,31,25
-0.07097125530232529,51.47014377040714,2,"[128, 128, 128, 1]",85,,"('51.47014377040714', '-0.07097125530232529')",10,12,23,12
-5.23795138394787,50.188161611536714,2,"[128, 128, 128, 1]",86,,"('50.188161611536714', '-5.23795138394787')",0,48,0,48
0.13106888840263484,52.20212737241843,3,"[0, 255, 0, 1]",87,,"('52.20212737241843', '0.13106888840263484')",15,10,19,10
-1.9802768936823596,52.71239975171242,0,"[255, 0, 0, 1]",88,,"('52.71239975171242', '-1.9802768936823596')",19,25,23,25
1.0913575970566618,51.26511700750903,0,"[255, 0, 0, 1]",89,,"('51.26511700750903', '1.0913575970566618')",8,4,8,4
-2.9501440596766737,54.86710168362952,0,"[255, 0, 0, 1]",90,,"('54.86710168362952', '-2.9501440596766737')",35,32,38,32
-0.15501879591064888,51.36144995348371,1,"[0, 0, 255, 1]",91,,"('51.36144995348371', '-0.15501879591064888')",9,12,9,12
0.5813228771249467,51.545467981851715,1,"[0, 0, 255, 1]",92,,"('51.545467981851715', '0.5813228771249467')",10,7,10,7
-3.7773764954619713,50.740017891519344,0,"[255, 0, 0, 1]",93,,"('50.740017891519344', '-3.7773764954619713')",4,38,4,38
1.2211356870899461,52.22158271541316,0,"[255, 0, 0, 1]",94,,"('52.22158271541316', '1.2211356870899461')",15,3,15,3
-1.133153989286544,52.698712330362156,0,"[255, 0, 0, 1]",95,,"('52.698712330362156', '-1.133153989286544')",19,19,19,19
0.4840116231003953,51.32968780154361,0,"[255, 0, 0, 1]",96,,"('51.32968780154361', '0.4840116231003953')",9,8,9,8
-2.184749147389416,53.37041711185513,3,"[0, 255, 0, 1]",97,,"('53.37041711185513', '-2.184749147389416')",24,27,24,27
0.4829760552746225,51.72487439708109,0,"[255, 0, 0, 1]",98,,"('51.72487439708109', '0.4829760552746225')",12,8,12,8
-0.1902510571623304,51.47980934909699,1,"[0, 0, 255, 1]",99,,"('51.47980934909699', '-0.1902510571623304')",10,13,25,13
-2.073526731725856,51.890867559246125,2,"[128, 128, 128, 1]",100,,"('51.890867559246125', '-2.073526731725856')",13,26,13,26
-0.6277590490013092,51.680526737078495,2,"[128, 128, 128, 1]",101,,"('51.680526737078495', '-0.6277590490013092')",11,16,12,16
-1.4168181805595912,53.24834648295132,2,"[128, 128, 128, 1]",102,,"('53.24834648295132', '-1.4168181805595912')",23,21,23,21
-0.7751711508174309,50.931845165453076,2,"[128, 128, 128, 1]",103,,"('50.931845165453076', '-0.7751711508174309')",6,17,6,17
0.00436240760397513,51.617420545896074,2,"[128, 128, 128, 1]",104,,"('51.617420545896074', '0.00436240760397513')",11,11,23,11
-2.18183842717304,51.38724616414313,1,"[0, 0, 255, 1]",105,,"('51.38724616414313', '-2.18183842717304')",9,27,9,27
-0.18983984571388332,51.638432325664034,1,"[0, 0, 255, 1]",106,,"('51.638432325664034', '-0.18983984571388332')",11,13,22,13
-2.611519482701601,53.663102152549136,3,"[0, 255, 0, 1]",107,,"('53.663102152549136', '-2.611519482701601')",26,30,27,30
-1.831412042887933,50.7909951858134,0,"[255, 0, 0, 1]",108,,"('50.7909951858134', '-1.831412042887933')",5,24,5,24
-0.13970559928986034,51.50790397683464,0,"[255, 0, 0, 1]",109,,"('51.50790397683464', '-0.13970559928986034')",10,12,22,12
-2.907815803629081,53.190305484757715,3,"[0, 255, 0, 1]",110,,"('53.190305484757715', '-2.907815803629081')",23,32,23,32
-1.5659637681471623,54.7641007445704,0,"[255, 0, 0, 1]",111,,"('54.7641007445704', '-1.5659637681471623')",35,22,36,22
1.1558470398814327,51.831151293103616,0,"[255, 0, 0, 1]",112,,"('51.831151293103616', '1.1558470398814327')",12,3,12,3
-0.2474260090335841,53.59646572155965,0,"[255, 0, 0, 1]",113,,"('53.59646572155965', '-0.2474260090335841')",26,13,39,13
0.8999293996421174,51.88820646872408,1,"[0, 0, 255, 1]",114,,"('51.88820646872408', '0.8999293996421174')",13,5,13,4
-1.8564346840723605,53.592433723247154,2,"[128, 128, 128, 1]",115,,"('53.592433723247154', '-1.8564346840723605')",26,24,29,24
-2.305156632496721,53.161420038847346,0,"[255, 0, 0, 1]",116,,"('53.161420038847346', '-2.305156632496721')",22,27,22,27
-3.3202454206692553,54.48202436782496,1,"[0, 0, 255, 1]",117,,"('54.48202436782496', '-3.3202454206692553')",32,35,32,35
-0.5451612469314241,52.47440249258479,0,"[255, 0, 0, 1]",118,,"('52.47440249258479', '-0.5451612469314241')",17,15,18,15
-1.4674765615508463,52.42669391630708,2,"[128, 128, 128, 1]",119,,"('52.42669391630708', '-1.4674765615508463')",17,22,17,22
-1.555408130977805,52.43128138174401,3,"[0, 255, 0, 1]",120,,"('52.43128138174401', '-1.555408130977805')",17,22,18,22
-1.521119534952664,52.39179558483579,3,"[0, 255, 0, 1]",121,,"('52.39179558483579', '-1.521119534952664')",17,22,16,22
-0.18199742047945597,51.12547643726031,2,"[128, 128, 128, 1]",122,,"('51.12547643726031', '-0.18199742047945597')",7,12,6,12
-2.429778680816703,53.06261175353495,1,"[0, 0, 255, 1]",123,,"('53.06261175353495', '-2.429778680816703')",22,28,22,28
-0.04985353302161262,51.36673398741905,0,"[255, 0, 0, 1]",124,,"('51.36673398741905', '-0.04985353302161262')",9,12,8,11
-0.10324506564895734,51.399265135098915,0,"[255, 0, 0, 1]",125,,"('51.399265135098915', '-0.10324506564895734')",9,12,15,11
-0.102799029323615,51.33067818239211,0,"[255, 0, 0, 1]",126,,"('51.33067818239211', '-0.102799029323615')",9,12,10,12
0.1834946856999388,51.53290767991645,0,"[255, 0, 0, 1]",127,,"('51.53290767991645', '0.1834946856999388')",10,10,13,9
-1.5565996968045808,54.53200536672336,1,"[0, 0, 255, 1]",128,,"('54.53200536672336', '-1.5565996968045808')",33,22,35,22
0.2629393386887895,51.41975442689649,3,"[0, 255, 0, 1]",129,,"('51.41975442689649', '0.2629393386887895')",9,9,9,9
-1.0316512642843993,52.307594583839474,0,"[255, 0, 0, 1]",130,,"('52.307594583839474', '-1.0316512642843993')",16,18,16,18
-2.1276581744761116,53.45386165264568,1,"[0, 0, 255, 1]",131,,"('53.45386165264568', '-2.1276581744761116')",25,26,27,25
-1.4908631189047634,52.921798499054496,0,"[255, 0, 0, 1]",132,,"('52.921798499054496', '-1.4908631189047634')",21,22,22,22
-1.4609504288063657,52.892389306340775,3,"[0, 255, 0, 1]",133,,"('52.892389306340775', '-1.4609504288063657')",20,22,21,22
-1.673532090715053,53.11501744240614,0,"[255, 0, 0, 1]",134,,"('53.11501744240614', '-1.673532090715053')",22,23,22,23
-1.7771942128330778,51.34748945955633,1,"[0, 0, 255, 1]",135,,"('51.34748945955633', '-1.7771942128330778')",9,24,9,24
-1.6659991045353981,53.62591595598892,3,"[0, 255, 0, 1]",136,,"('53.62591595598892', '-1.6659991045353981')",26,23,26,23
-1.053668257457101,53.503786364645876,2,"[128, 128, 128, 1]",137,,"('53.503786364645876', '-1.053668257457101')",25,19,25,19
-1.0867834221766544,53.53562543504429,1,"[0, 0, 255, 1]",138,,"('53.53562543504429', '-1.0867834221766544')",25,19,26,18
-1.139137398930026,53.58580476795367,3,"[0, 255, 0, 1]",139,,"('53.58580476795367', '-1.139137398930026')",26,19,26,19
1.2882867695782938,51.17924686074915,1,"[0, 0, 255, 1]",140,,"('51.17924686074915', '1.2882867695782938')",8,2,8,2
-2.1066194787688355,52.52228959296337,1,"[0, 0, 255, 1]",141,,"('52.52228959296337', '-2.1066194787688355')",18,26,19,26
-2.1372494778611766,52.492275951994266,2,"[128, 128, 128, 1]",142,,"('52.492275951994266', '-2.1372494778611766')",17,26,17,26
-0.09155927098693581,51.44435918826932,2,"[128, 128, 128, 1]",143,,"('51.44435918826932', '-0.09155927098693581')",10,12,21,12
-0.28290926974119185,51.51527654570951,2,"[128, 128, 128, 1]",144,,"('51.51527654570951', '-0.28290926974119185')",10,13,20,13
-0.35072685335805326,51.537623983860136,2,"[128, 128, 128, 1]",145,,"('51.537623983860136', '-0.35072685335805326')",10,14,13,14
-0.35889017392892697,51.50709577762083,2,"[128, 128, 128, 1]",146,,"('51.50709577762083', '-0.35889017392892697')",10,14,12,15
-1.356188990344227,54.77630845938517,1,"[0, 0, 255, 1]",147,,"('54.77630845938517', '-1.356188990344227')",35,21,36,21
-3.3478674879243626,50.71802971907265,3,"[0, 255, 0, 1]",148,,"('50.71802971907265', '-3.3478674879243626')",4,35,4,35
0.056647811806340646,51.52616539258677,1,"[0, 0, 255, 1]",149,,"('51.52616539258677', '0.056647811806340646')",10,11,12,11
-0.9517430859256745,51.09136602128048,2,"[128, 128, 128, 1]",150,,"('51.09136602128048', '-0.9517430859256745')",7,18,7,18
-0.04835169247271226,51.22483908536744,1,"[0, 0, 255, 1]",151,,"('51.22483908536744', '-0.04835169247271226')",8,12,7,12
-0.3175327088240854,50.843089784165024,0,"[255, 0, 0, 1]",152,,"('50.843089784165024', '-0.3175327088240854')",5,13,5,13
-0.5336194384593463,53.9922963900132,0,"[255, 0, 0, 1]",153,,"('53.9922963900132', '-0.5336194384593463')",29,15,30,15
0.2590358484508197,50.78137088918638,0,"[255, 0, 0, 1]",154,,"('50.78137088918638', '0.2590358484508197')",5,9,5,9
-1.3212142545741614,50.93273199589381,3,"[0, 255, 0, 1]",155,,"('50.93273199589381', '-1.3212142545741614')",6,21,6,21
-2.656111847748962,53.10741748143666,3,"[0, 255, 0, 1]",156,,"('53.10741748143666', '-2.656111847748962')",22,30,22,30
-0.053098288601198126,51.62890270541666,0,"[255, 0, 0, 1]",157,,"('51.62890270541666', '-0.053098288601198126')",11,12,30,12
-2.931913347811007,53.27339326839158,1,"[0, 0, 255, 1]",158,,"('53.27339326839158', '-2.931913347811007')",23,32,22,32
-1.4018533807786868,53.835257531277925,3,"[0, 255, 0, 1]",159,,"('53.835257531277925', '-1.4018533807786868')",28,21,30,21
0.05496978722158014,51.455723480587004,2,"[128, 128, 128, 1]",160,,"('51.455723480587004', '0.05496978722158014')",10,11,14,10
-0.07930517973890529,51.668607846674476,3,"[0, 255, 0, 1]",161,,"('51.668607846674476', '-0.07930517973890529')",11,12,26,12
-0.1257102293285979,51.64218521546051,1,"[0, 0, 255, 1]",162,,"('51.64218521546051', '-0.1257102293285979')",11,12,27,12
0.06306955027478178,51.68157426484706,0,"[255, 0, 0, 1]",163,,"('51.68157426484706', '0.06306955027478178')",11,11,18,11
-0.26662630057909087,51.33028785538955,0,"[255, 0, 0, 1]",164,,"('51.33028785538955', '-0.26662630057909087')",9,13,9,13
-1.3085254826321848,52.92169048020956,3,"[0, 255, 0, 1]",165,,"('52.92169048020956', '-1.3085254826321848')",21,20,20,21
0.13077795190693547,51.49116073846408,3,"[0, 255, 0, 1]",166,,"('51.49116073846408', '0.13077795190693547')",10,10,12,10
-0.3807815377979469,51.356901399027336,0,"[255, 0, 0, 1]",167,,"('51.356901399027336', '-0.3807815377979469')",9,14,9,14
-3.5191557732360863,50.726645474799604,0,"[255, 0, 0, 1]",168,,"('50.726645474799604', '-3.5191557732360863')",4,36,4,36
-1.2247979655501533,50.857915840205806,3,"[0, 255, 0, 1]",169,,"('50.857915840205806', '-1.2247979655501533')",5,20,5,20
0.721595699915097,51.262065125127506,0,"[255, 0, 0, 1]",170,,"('51.262065125127506', '0.721595699915097')",8,6,8,6
-0.4055651481596669,51.45873112269914,0,"[255, 0, 0, 1]",171,,"('51.45873112269914', '-0.4055651481596669')",10,14,15,14
-2.579825302123172,51.53370715058753,1,"[0, 0, 255, 1]",172,,"('51.53370715058753', '-2.579825302123172')",10,29,11,30
-0.19002920469456627,51.587943229695455,0,"[255, 0, 0, 1]",173,,"('51.587943229695455', '-0.19002920469456627')",11,13,23,13
0.9850790544352436,51.06447027256473,3,"[0, 255, 0, 1]",174,,"('51.06447027256473', '0.9850790544352436')",7,4,7,4
-2.4652357793229975,51.845165846420244,2,"[128, 128, 128, 1]",175,,"('51.845165846420244', '-2.4652357793229975')",13,29,13,29
-2.907165248628286,53.7871067490154,2,"[128, 128, 128, 1]",176,,"('53.7871067490154', '-2.907165248628286')",27,32,30,32
-0.46842547231077203,53.389080983816726,2,"[128, 128, 128, 1]",177,,"('53.389080983816726', '-0.46842547231077203')",24,15,25,15
-2.8470932907161175,53.36625459326456,3,"[0, 255, 0, 1]",178,,"('53.36625459326456', '-2.8470932907161175')",24,31,24,31
-1.5976064833109145,54.94525586291829,2,"[128, 128, 128, 1]",179,,"('54.94525586291829', '-1.5976064833109145')",36,22,40,21
-1.0875610521439345,52.984521124339764,2,"[128, 128, 128, 1]",180,,"('52.984521124339764', '-1.0875610521439345')",21,19,21,19
0.5865045873730836,51.36738767846352,3,"[0, 255, 0, 1]",181,,"('51.36738767846352', '0.5865045873730836')",9,7,9,7
-2.24142459264532,51.847146686592374,3,"[0, 255, 0, 1]",182,,"('51.847146686592374', '-2.24142459264532')",13,27,13,27
-1.1753264269765493,50.81131235602834,0,"[255, 0, 0, 1]",183,,"('50.81131235602834', '-1.1753264269765493')",5,19,5,19
-0.4802177677587786,52.81647529935941,3,"[0, 255, 0, 1]",184,,"('52.81647529935941', '-0.4802177677587786')",20,15,21,15
0.3950994232227501,51.40234566141151,1,"[0, 0, 255, 1]",185,,"('51.40234566141151', '0.3950994232227501')",9,8,8,7
-0.09599519843505273,53.55977053278097,2,"[128, 128, 128, 1]",186,,"('53.55977053278097', '-0.09599519843505273')",25,12,40,12
1.659751669630313,52.6422557856038,2,"[128, 128, 128, 1]",187,,"('52.6422557856038', '1.659751669630313')",19,0,19,0
0.03261840608801416,51.484020960081615,3,"[0, 255, 0, 1]",188,,"('51.484020960081615', '0.03261840608801416')",10,11,19,11
-0.5562202282947577,51.189233378313716,2,"[128, 128, 128, 1]",189,,"('51.189233378313716', '-0.5562202282947577')",8,15,8,15
-0.07241820192559371,51.56226088478706,0,"[255, 0, 0, 1]",190,,"('51.56226088478706', '-0.07241820192559371')",10,12,20,12
-0.05504299481077756,51.54329867334085,3,"[0, 255, 0, 1]",191,,"('51.54329867334085', '-0.05504299481077756')",10,12,19,12
-2.051237753902716,52.46178652511448,2,"[128, 128, 128, 1]",192,,"('52.46178652511448', '-2.051237753902716')",17,26,16,27
-1.873865459701889,53.7386725787277,1,"[0, 0, 255, 1]",193,,"('53.7386725787277', '-1.873865459701889')",27,24,30,24
-0.7004371900782876,53.77436557123818,1,"[0, 0, 255, 1]",194,,"('53.77436557123818', '-0.7004371900782876')",27,16,28,16
-2.7446713432232976,53.35256648002008,1,"[0, 0, 255, 1]",195,,"('53.35256648002008', '-2.7446713432232976')",24,31,23,31
-0.23026653152197366,51.50528019922672,1,"[0, 0, 255, 1]",196,,"('51.50528019922672', '-0.23026653152197366')",10,13,18,13
-0.1917978930233346,51.54748360847942,2,"[128, 128, 128, 1]",197,,"('51.54748360847942', '-0.1917978930233346')",10,13,17,13
-1.0145725354316204,52.520653845022565,1,"[0, 0, 255, 1]",198,,"('52.520653845022565', '-1.0145725354316204')",18,18,18,18
0.11570910769316696,51.76627509538318,3,"[0, 255, 0, 1]",199,,"('51.76627509538318', '0.11570910769316696')",12,10,16,10
-1.4767688737848197,54.03030566120345,3,"[0, 255, 0, 1]",200,,"('54.03030566120345', '-1.4767688737848197')",29,22,31,22
-0.3171424718387942,51.6107677967299,1,"[0, 0, 255, 1]",201,,"('51.6107677967299', '-0.3171424718387942')",11,13,21,13
-0.3531151624091183,51.57864764729038,1,"[0, 0, 255, 1]",202,,"('51.57864764729038', '-0.3531151624091183')",11,14,17,14
-1.2591992418738092,54.66934437243033,0,"[255, 0, 0, 1]",203,,"('54.66934437243033', '-1.2591992418738092')",34,20,36,20
0.9823886058898148,51.894805278222705,1,"[0, 0, 255, 1]",204,,"('51.894805278222705', '0.9823886058898148')",13,4,13,3
0.6629367030190141,50.92169278978521,0,"[255, 0, 0, 1]",205,,"('50.92169278978521', '0.6629367030190141')",6,7,6,7
-0.9849536083430753,50.84119706957481,0,"[255, 0, 0, 1]",206,,"('50.84119706957481', '-0.9849536083430753')",5,18,5,18
-0.44364129900098553,51.49483040453874,1,"[0, 0, 255, 1]",207,,"('51.49483040453874', '-0.44364129900098553')",10,14,12,14
-2.0716182613116962,53.399035737868815,3,"[0, 255, 0, 1]",208,,"('53.399035737868815', '-2.0716182613116962')",24,26,27,26
-0.47978628743312807,51.78571118222683,2,"[128, 128, 128, 1]",209,,"('51.78571118222683', '-0.47978628743312807')",12,15,13,15
-1.3730754216370573,53.63617806797945,2,"[128, 128, 128, 1]",210,,"('53.63617806797945', '-1.3730754216370573')",26,21,27,21
-0.24554597296500355,51.60996729853212,0,"[255, 0, 0, 1]",211,,"('51.60996729853212', '-0.24554597296500355')",11,13,27,13
-1.0769793989484324,51.66976784424832,0,"[255, 0, 0, 1]",212,,"('51.66976784424832', '-1.0769793989484324')",11,19,11,19
-2.810663626080997,51.97567788343526,0,"[255, 0, 0, 1]",213,,"('51.97567788343526', '-2.810663626080997')",14,31,14,31
0.041305350236654735,51.814804576710465,3,"[0, 255, 0, 1]",214,,"('51.814804576710465', '0.041305350236654735')",12,11,24,11
-0.28106195580972887,51.677264773305026,0,"[255, 0, 0, 1]",215,,"('51.677264773305026', '-0.28106195580972887')",11,13,26,13
-2.2401472904145274,55.05998093921629,2,"[128, 128, 128, 1]",216,,"('55.05998093921629', '-2.2401472904145274')",37,27,40,27
-2.2151103505542036,53.59743935832773,1,"[0, 0, 255, 1]",217,,"('53.59743935832773', '-2.2151103505542036')",26,27,30,27
-1.8738975100094795,53.37308491643533,3,"[0, 255, 0, 1]",218,,"('53.37308491643533', '-1.8738975100094795')",24,24,28,25
-0.32130275049598805,51.87058800052297,0,"[255, 0, 0, 1]",219,,"('51.87058800052297', '-0.32130275049598805')",13,13,30,13
-0.14141930480311155,51.54297371691694,3,"[0, 255, 0, 1]",220,,"('51.54297371691694', '-0.14141930480311155')",10,12,18,12
0.25082776224444775,51.57048156876055,2,"[128, 128, 128, 1]",221,,"('51.57048156876055', '0.25082776224444775')",11,9,12,9
-0.1308120636691166,51.589726620386806,1,"[0, 0, 255, 1]",222,,"('51.589726620386806', '-0.1308120636691166')",11,12,25,12
-0.2949586984966377,51.06202997530431,3,"[0, 255, 0, 1]",223,,"('51.06202997530431', '-0.2949586984966377')",7,13,7,13
-1.4502626569751675,54.85168814846418,2,"[128, 128, 128, 1]",224,,"('54.85168814846418', '-1.4502626569751675')",35,21,37,20
-0.19753971512421045,50.848218231239606,1,"[0, 0, 255, 1]",225,,"('50.848218231239606', '-0.19753971512421045')",5,13,4,13
-1.7593609032127486,53.65278896555014,3,"[0, 255, 0, 1]",226,,"('53.65278896555014', '-1.7593609032127486')",26,24,27,24
-0.23231729492693218,52.28356232488573,3,"[0, 255, 0, 1]",227,,"('52.28356232488573', '-0.23231729492693218')",16,13,33,13
-2.379271927690122,53.7500985775319,0,"[255, 0, 0, 1]",228,,"('53.7500985775319', '-2.379271927690122')",27,28,32,28
0.08764252327483843,51.59666106059655,3,"[0, 255, 0, 1]",229,,"('51.59666106059655', '0.08764252327483843')",11,11,21,11
0.08995132618575856,51.56487608742571,0,"[255, 0, 0, 1]",230,,"('51.56487608742571', '0.08995132618575856')",11,11,17,11
1.166400263183581,52.05055292087521,1,"[0, 0, 255, 1]",231,,"('52.05055292087521', '1.166400263183581')",14,3,14,2
-1.2979686362283573,50.674684479074,0,"[255, 0, 0, 1]",232,,"('50.674684479074', '-1.2979686362283573')",4,20,4,20
-0.1143251663099594,51.55957207005985,0,"[255, 0, 0, 1]",233,,"('51.55957207005985', '-0.1143251663099594')",10,12,17,12
-0.10603196444298356,51.53738985249391,3,"[0, 255, 0, 1]",234,,"('51.53738985249391', '-0.10603196444298356')",10,12,15,12
-1.476934467068058,54.954761538753964,0,"[255, 0, 0, 1]",235,,"('54.954761538753964', '-1.476934467068058')",36,22,40,24
-1.9263433784988961,53.877453809543994,2,"[128, 128, 128, 1]",236,,"('53.877453809543994', '-1.9263433784988961')",28,25,32,25
-1.4568793389025196,52.26337709531256,2,"[128, 128, 128, 1]",237,,"('52.26337709531256', '-1.4568793389025196')",16,21,16,21
-0.19998131184750534,51.50664914664258,2,"[128, 128, 128, 1]",238,,"('51.50664914664258', '-0.19998131184750534')",10,13,16,13
-0.7654028699196695,52.42616475792483,0,"[255, 0, 0, 1]",239,,"('52.42616475792483', '-0.7654028699196695')",17,17,17,17
-0.2904081953504916,51.37796404521745,3,"[0, 255, 0, 1]",240,,"('51.37796404521745', '-0.2904081953504916')",9,13,11,13
-0.2916386296126652,53.76282952034751,2,"[128, 128, 128, 1]",241,,"('53.76282952034751', '-0.2916386296126652')",27,13,40,13
-0.35170473203060554,53.781976830436186,1,"[0, 0, 255, 1]",242,,"('53.781976830436186', '-0.35170473203060554')",27,14,34,14
-0.3960213466069777,53.73759049625848,2,"[128, 128, 128, 1]",243,,"('53.73759049625848', '-0.3960213466069777')",27,14,33,14
-2.4738720081418375,51.45279416340152,0,"[255, 0, 0, 1]",244,,"('51.45279416340152', '-2.4738720081418375')",10,29,11,28
-2.851705030475998,53.44945955750278,0,"[255, 0, 0, 1]",245,,"('53.44945955750278', '-2.851705030475998')",25,31,25,31
-2.711151787184406,53.999966825625144,1,"[0, 0, 255, 1]",246,,"('53.999966825625144', '-2.711151787184406')",29,30,30,30
-1.5366753648917046,53.77830439534665,3,"[0, 255, 0, 1]",247,,"('53.77830439534665', '-1.5366753648917046')",27,22,29,22
-1.4596492523949505,53.80740936368173,1,"[0, 0, 255, 1]",248,,"('53.80740936368173', '-1.4596492523949505')",27,21,28,21
-1.5360992815602417,53.848845973731166,1,"[0, 0, 255, 1]",249,,"('53.848845973731166', '-1.5360992815602417')",28,22,30,22
-1.6318325846018749,53.876649388579864,3,"[0, 255, 0, 1]",250,,"('53.876649388579864', '-1.6318325846018749')",28,23,31,23
-1.6150302048241707,53.79995423533881,3,"[0, 255, 0, 1]",251,,"('53.79995423533881', '-1.6150302048241707')",27,23,29,23
-1.0865263817778503,52.64695392619501,2,"[128, 128, 128, 1]",252,,"('52.64695392619501', '-1.0865263817778503')",19,19,20,18
-1.1282805243396912,52.61285894811109,3,"[0, 255, 0, 1]",253,,"('52.61285894811109', '-1.1282805243396912')",18,19,18,19
-1.1624756084472485,52.64901082233179,1,"[0, 0, 255, 1]",254,,"('52.64901082233179', '-1.1624756084472485')",19,19,19,20
-2.5133433202968383,53.49141508776318,1,"[0, 0, 255, 1]",255,,"('53.49141508776318', '-2.5133433202968383')",25,29,26,29
0.04526598001004987,50.86918222809599,3,"[0, 255, 0, 1]",256,,"('50.86918222809599', '0.04526598001004987')",5,11,5,11
0.0013894532707267183,51.44214546742878,1,"[0, 0, 255, 1]",257,,"('51.44214546742878', '0.0013894532707267183')",10,11,16,11
-0.04844525762578359,51.42308855877295,3,"[0, 255, 0, 1]",258,,"('51.42308855877295', '-0.04844525762578359')",9,12,12,12
-0.03136580250855815,51.46645119606534,1,"[0, 0, 255, 1]",259,,"('51.46645119606534', '-0.03136580250855815')",10,11,13,10
0.013372583985433993,51.56849151660075,0,"[255, 0, 0, 1]",260,,"('51.56849151660075', '0.013372583985433993')",11,11,22,11
-1.8336185466485115,52.75794349460015,1,"[0, 0, 255, 1]",261,,"('52.75794349460015', '-1.8336185466485115')",19,24,22,24
-0.5621150964998453,53.21643330266086,2,"[128, 128, 128, 1]",262,,"('53.21643330266086', '-0.5621150964998453')",23,15,24,15
-2.9637399831676525,53.39778059529675,2,"[128, 128, 128, 1]",263,,"('53.39778059529675', '-2.9637399831676525')",24,32,24,32
-2.948330377135406,53.4463315370296,2,"[128, 128, 128, 1]",264,,"('53.4463315370296', '-2.948330377135406')",25,32,26,33
-2.9169315547760495,53.399606748476295,2,"[128, 128, 128, 1]",265,,"('53.399606748476295', '-2.9169315547760495')",24,32,25,32
-2.901447451275387,53.435916682536366,3,"[0, 255, 0, 1]",266,,"('53.435916682536366', '-2.901447451275387')",25,32,28,32
-1.177517908178688,52.77132140410512,0,"[255, 0, 0, 1]",267,,"('52.77132140410512', '-1.177517908178688')",20,20,20,20
0.0046491537107508744,53.28789011192991,1,"[0, 0, 255, 1]",268,,"('53.28789011192991', '0.0046491537107508744')",23,11,35,11
-2.7209464638723166,52.47981694991344,1,"[0, 0, 255, 1]",269,,"('52.47981694991344', '-2.7209464638723166')",17,30,17,30
-0.45337089218498083,51.906987564715514,0,"[255, 0, 0, 1]",270,,"('51.906987564715514', '-0.45337089218498083')",13,14,20,14
-0.41227350376143673,51.870663710934416,2,"[128, 128, 128, 1]",271,,"('51.870663710934416', '-0.41227350376143673')",13,14,19,14
-2.119716749801071,53.26174239300395,1,"[0, 0, 255, 1]",272,,"('53.26174239300395', '-2.119716749801071')",23,26,25,25
-0.7924046218412268,51.50016919300577,1,"[0, 0, 255, 1]",273,,"('51.50016919300577', '-0.7924046218412268')",10,17,10,17
0.5154689605039152,51.167901661578405,3,"[0, 255, 0, 1]",274,,"('51.167901661578405', '0.5154689605039152')",8,8,8,8
-2.6312177928583775,53.516928241044056,1,"[0, 0, 255, 1]",275,,"('53.516928241044056', '-2.6312177928583775')",25,30,25,30
0.6891254700585915,51.67826727397112,2,"[128, 128, 128, 1]",276,,"('51.67826727397112', '0.6891254700585915')",11,6,11,6
-2.2078891353634793,53.48186349612737,0,"[255, 0, 0, 1]",277,,"('53.48186349612737', '-2.2078891353634793')",25,27,28,27
-2.2035456931570643,53.451806164954476,3,"[0, 255, 0, 1]",278,,"('53.451806164954476', '-2.2035456931570643')",25,27,27,27
-2.2431755514938456,53.42712327992075,0,"[255, 0, 0, 1]",279,,"('53.42712327992075', '-2.2431755514938456')",24,27,23,27
-1.1728353789563102,53.170752919729374,1,"[0, 0, 255, 1]",280,,"('53.170752919729374', '-1.1728353789563102')",23,19,23,19
-1.1348309399249805,50.95980605970839,0,"[255, 0, 0, 1]",281,,"('50.95980605970839', '-1.1348309399249805')",6,19,6,19
-1.7113027567114991,52.41162485046027,0,"[255, 0, 0, 1]",282,,"('52.41162485046027', '-1.7113027567114991')",17,23,17,23
-0.4856465681790614,52.02993572174932,3,"[0, 255, 0, 1]",283,,"('52.02993572174932', '-0.4856465681790614')",14,15,15,15
-1.4272930654281806,52.96482342773989,3,"[0, 255, 0, 1]",284,,"('52.96482342773989', '-1.4272930654281806')",21,21,21,21
-2.0903314315921024,50.750045426039364,2,"[128, 128, 128, 1]",285,,"('50.750045426039364', '-2.0903314315921024')",4,26,4,26
0.930127583688587,52.64920164543175,1,"[0, 0, 255, 1]",286,,"('52.64920164543175', '0.930127583688587')",19,5,19,5
-0.11035353150602718,51.02598047183902,0,"[255, 0, 0, 1]",287,,"('51.02598047183902', '-0.11035353150602718')",6,12,5,12
-2.05747164841056,52.18253992508164,0,"[255, 0, 0, 1]",288,,"('52.18253992508164', '-2.05747164841056')",15,26,15,26
-1.2348372507758747,54.557856615800404,3,"[0, 255, 0, 1]",289,,"('54.557856615800404', '-1.2348372507758747')",33,20,35,20
-1.0118642277269267,54.53502443722445,1,"[0, 0, 255, 1]",290,,"('54.53502443722445', '-1.0118642277269267')",33,18,33,18
-0.7289897009244664,52.10821456572143,2,"[128, 128, 128, 1]",291,,"('52.10821456572143', '-0.7289897009244664')",15,16,16,16
-0.7465034189834668,52.0138098262611,0,"[255, 0, 0, 1]",292,,"('52.0138098262611', '-0.7465034189834668')",14,16,15,16
-0.17139270630653614,51.401015329519254,3,"[0, 255, 0, 1]",293,,"('51.401015329519254', '-0.17139270630653614')",9,12,8,12
-0.37285721612469586,51.22267143612762,0,"[255, 0, 0, 1]",294,,"('51.22267143612762', '-0.37285721612469586')",8,14,8,14
-2.715006848531113,54.12760155958521,2,"[128, 128, 128, 1]",295,,"('54.12760155958521', '-2.715006848531113')",30,30,31,30
-1.5534230512297154,53.72777662120481,3,"[0, 255, 0, 1]",296,,"('53.72777662120481', '-1.5534230512297154')",27,22,27,22
-1.5273553791973842,50.85224965913278,1,"[0, 0, 255, 1]",297,,"('50.85224965913278', '-1.5273553791973842')",5,22,4,22
-1.7461393780087184,50.8684292253379,0,"[255, 0, 0, 1]",298,,"('50.8684292253379', '-1.7461393780087184')",5,24,6,24
-0.8665749152982851,53.125874768817326,0,"[255, 0, 0, 1]",299,,"('53.125874768817326', '-0.8665749152982851')",22,17,22,17
-1.346499507363844,51.45476086172853,2,"[128, 128, 128, 1]",300,,"('51.45476086172853', '-1.346499507363844')",10,21,10,21
-1.649792947092564,54.98400431417504,3,"[0, 255, 0, 1]",301,,"('54.98400431417504', '-1.649792947092564')",36,23,37,23
-1.5753875647251545,54.98440927592645,1,"[0, 0, 255, 1]",302,,"('54.98440927592645', '-1.5753875647251545')",36,22,39,21
-1.6835409187761334,55.02287321576155,3,"[0, 255, 0, 1]",303,,"('55.02287321576155', '-1.6835409187761334')",36,23,38,23
-2.285492237451191,53.03187481058766,2,"[128, 128, 128, 1]",304,,"('53.03187481058766', '-2.285492237451191')",22,27,23,28
-3.5762054033372714,50.55039944602349,3,"[0, 255, 0, 1]",305,,"('50.55039944602349', '-3.5762054033372714')",3,36,3,36
-1.3312358024436959,53.69826223872912,2,"[128, 128, 128, 1]",306,,"('53.69826223872912', '-1.3312358024436959')",27,21,29,21
-4.609763792207615,50.62600481818205,3,"[0, 255, 0, 1]",307,,"('50.62600481818205', '-4.609763792207615')",3,44,3,44
-3.910914961671153,51.069123701578164,3,"[0, 255, 0, 1]",308,,"('51.069123701578164', '-3.910914961671153')",7,39,7,39
-2.16385553304242,50.90278105988747,3,"[0, 255, 0, 1]",309,,"('50.90278105988747', '-2.16385553304242')",6,26,6,26
-1.6324246728858436,54.859710095344425,3,"[0, 255, 0, 1]",310,,"('54.859710095344425', '-1.6324246728858436')",35,23,38,24
-0.39690314574049446,52.173661696495785,3,"[0, 255, 0, 1]",311,,"('52.173661696495785', '-0.39690314574049446')",15,14,21,14
0.10335048694349906,52.53380020199386,3,"[0, 255, 0, 1]",312,,"('52.53380020199386', '0.10335048694349906')",18,10,22,10
-1.4592237331781668,53.24650623516193,1,"[0, 0, 255, 1]",313,,"('53.24650623516193', '-1.4592237331781668')",23,21,23,22
-0.9930075851390677,51.271001080723636,3,"[0, 255, 0, 1]",314,,"('51.271001080723636', '-0.9930075851390677')",8,18,8,18
-0.05708064240957835,51.933987066919535,1,"[0, 0, 255, 1]",315,,"('51.933987066919535', '-0.05708064240957835')",13,12,32,12
-2.484813467748992,51.353802098630716,2,"[128, 128, 128, 1]",316,,"('51.353802098630716', '-2.484813467748992')",9,29,9,29
-2.7126357191452484,52.1670913499949,1,"[0, 0, 255, 1]",317,,"('52.1670913499949', '-2.7126357191452484')",15,30,15,30
1.2684868743150854,52.847560114853316,1,"[0, 0, 255, 1]",318,,"('52.847560114853316', '1.2684868743150854')",20,2,20,2
-2.771865847416051,52.86656767894787,0,"[255, 0, 0, 1]",319,,"('52.86656767894787', '-2.771865847416051')",20,31,20,31
-2.7440777485493224,51.42015201413078,2,"[128, 128, 128, 1]",320,,"('51.42015201413078', '-2.7440777485493224')",9,31,9,31
-1.750862912273509,51.61604246993651,0,"[255, 0, 0, 1]",321,,"('51.61604246993651', '-1.750862912273509')",11,24,11,24
1.2456311534601063,51.35038801331181,0,"[255, 0, 0, 1]",322,,"('51.35038801331181', '1.2456311534601063')",9,2,9,2
-1.5526488268421623,55.02277449795852,2,"[128, 128, 128, 1]",323,,"('55.02277449795852', '-1.5526488268421623')",36,22,37,22
-1.626959606248784,52.54486081944592,1,"[0, 0, 255, 1]",324,,"('52.54486081944592', '-1.626959606248784')",18,23,18,23
-0.244651958821121,52.4650831202634,1,"[0, 0, 255, 1]",325,,"('52.4650831202634', '-0.244651958821121')",17,13,34,13
-1.9509897695654237,54.77291326487737,1,"[0, 0, 255, 1]",326,,"('54.77291326487737', '-1.9509897695654237')",35,25,39,25
-1.3739415089801446,51.26378861811645,2,"[128, 128, 128, 1]",327,,"('51.26378861811645', '-1.3739415089801446')",8,21,8,21
-1.4049434518620099,52.75316474858002,2,"[128, 128, 128, 1]",328,,"('52.75316474858002', '-1.4049434518620099')",19,21,19,21
0.5456473987769807,52.82264416193793,1,"[0, 0, 255, 1]",329,,"('52.82264416193793', '0.5456473987769807')",20,7,20,7
-2.044062467858379,51.532598198226175,0,"[255, 0, 0, 1]",330,,"('51.532598198226175', '-2.044062467858379')",10,26,10,26
-0.8697352079437362,52.26454144425381,1,"[0, 0, 255, 1]",331,,"('52.26454144425381', '-0.8697352079437362')",16,17,16,17
-0.8868348081822279,52.24372332428101,1,"[0, 0, 255, 1]",332,,"('52.24372332428101', '-0.8868348081822279')",16,17,17,18
1.3111801997885075,52.65316335252727,3,"[0, 255, 0, 1]",333,,"('52.65316335252727', '1.3111801997885075')",19,2,19,2
1.2667899740388469,52.62576558318468,0,"[255, 0, 0, 1]",334,,"('52.62576558318468', '1.2667899740388469')",18,2,18,2
-1.137256236053902,52.96676697254776,3,"[0, 255, 0, 1]",335,,"('52.96676697254776', '-1.137256236053902')",21,19,22,18
-1.1974196371334738,52.98926708341893,1,"[0, 0, 255, 1]",336,,"('52.98926708341893', '-1.1974196371334738')",21,20,23,20
-1.1840104315393374,52.93646835862915,1,"[0, 0, 255, 1]",337,,"('52.93646835862915', '-1.1840104315393374')",21,20,22,20
-1.5184532287148953,52.523181633266425,3,"[0, 255, 0, 1]",338,,"('52.523181633266425', '-1.5184532287148953')",18,22,19,22
0.11857422617584479,51.43772201701245,3,"[0, 255, 0, 1]",339,,"('51.43772201701245', '0.11857422617584479')",10,10,11,10
-2.018872332097088,53.55726904884162,3,"[0, 255, 0, 1]",340,,"('53.55726904884162', '-2.018872332097088')",25,25,29,25
-2.135478527071196,53.54426152670706,0,"[255, 0, 0, 1]",341,,"('53.54426152670706', '-2.135478527071196')",25,26,28,26
0.08001678214254426,51.34971323164827,1,"[0, 0, 255, 1]",342,,"('51.34971323164827', '0.08001678214254426')",9,11,11,11
-1.2234497990667035,51.74631064474438,0,"[255, 0, 0, 1]",343,,"('51.74631064474438', '-1.2234497990667035')",12,20,12,20
-1.2992715225805362,51.74657755548796,2,"[128, 128, 128, 1]",344,,"('51.74657755548796', '-1.2992715225805362')",12,20,13,20
-2.184824934612745,53.86550387199625,3,"[0, 255, 0, 1]",345,,"('53.86550387199625', '-2.184824934612745')",28,27,32,27
-1.6232838094496003,53.49800706723851,1,"[0, 0, 255, 1]",346,,"('53.49800706723851', '-1.6232838094496003')",25,23,25,23
-2.680395217834787,54.72228380732702,0,"[255, 0, 0, 1]",347,,"('54.72228380732702', '-2.680395217834787')",34,30,35,30
-0.1605761966144108,52.61747371936593,0,"[255, 0, 0, 1]",348,,"('52.61747371936593', '-0.1605761966144108')",18,12,37,12
-4.138706143581667,50.41307869455918,1,"[0, 0, 255, 1]",349,,"('50.41307869455918', '-4.138706143581667')",2,40,2,40
-4.141714958205255,50.380725656505135,0,"[255, 0, 0, 1]",350,,"('50.380725656505135', '-4.141714958205255')",2,40,3,40
-1.9652898417038231,50.72424482350449,3,"[0, 255, 0, 1]",351,,"('50.72424482350449', '-1.9652898417038231')",4,25,4,25
-0.02491605133047793,51.50886604464672,1,"[0, 0, 255, 1]",352,,"('51.50886604464672', '-0.02491605133047793')",10,11,13,11
-1.0669578691629387,50.83392170630492,3,"[0, 255, 0, 1]",353,,"('50.83392170630492', '-1.0669578691629387')",5,19,6,20
-1.0762182219638834,50.79422501969096,0,"[255, 0, 0, 1]",354,,"('50.79422501969096', '-1.0762182219638834')",5,19,6,18
-2.691324104795204,53.76963434756571,1,"[0, 0, 255, 1]",355,,"('53.76963434756571', '-2.691324104795204')",27,30,28,30
-1.691643446401689,53.83969949500885,3,"[0, 255, 0, 1]",356,,"('53.83969949500885', '-1.691643446401689')",28,23,30,23
-0.22465099364543525,51.45233594139565,2,"[128, 128, 128, 1]",357,,"('51.45233594139565', '-0.22465099364543525')",10,13,13,13
0.674512550264255,51.60679884386812,0,"[255, 0, 0, 1]",358,,"('51.60679884386812', '0.674512550264255')",11,6,12,7
-0.948366880282217,51.458520518864525,1,"[0, 0, 255, 1]",359,,"('51.458520518864525', '-0.948366880282217')",10,18,10,18
-1.044044126383164,51.45556208771767,3,"[0, 255, 0, 1]",360,,"('51.45556208771767', '-1.044044126383164')",10,19,10,19
-1.108070157129636,54.58710955563639,0,"[255, 0, 0, 1]",361,,"('54.58710955563639', '-1.108070157129636')",33,19,33,19
-1.9849027009685198,52.24243373362745,1,"[0, 0, 255, 1]",362,,"('52.24243373362745', '-1.9849027009685198')",16,25,16,25
-0.1933210089774755,51.25754746083909,2,"[128, 128, 128, 1]",363,,"('51.25754746083909', '-0.1933210089774755')",8,13,8,13
-2.4595315207154425,53.89478360036125,2,"[128, 128, 128, 1]",364,,"('53.89478360036125', '-2.4595315207154425')",28,29,29,29
-1.7276886690941513,54.36598923004362,0,"[255, 0, 0, 1]",365,,"('54.36598923004362', '-1.7276886690941513')",32,23,35,23
-0.2789749867263321,51.446989942646994,3,"[0, 255, 0, 1]",366,,"('51.446989942646994', '-0.2789749867263321')",10,13,14,13
-2.1092032447966456,53.63278081754839,1,"[0, 0, 255, 1]",367,,"('53.63278081754839', '-2.1092032447966456')",26,26,31,26
0.5486692809258878,51.430731960558965,2,"[128, 128, 128, 1]",368,,"('51.430731960558965', '0.5486692809258878')",9,7,10,6
0.7983715520228043,51.57007980852688,2,"[128, 128, 128, 1]",369,,"('51.57007980852688', '0.7983715520228043')",11,6,12,5
0.1803921100950548,51.59118947951869,1,"[0, 0, 255, 1]",370,,"('51.59118947951869', '0.1803921100950548')",11,10,15,10
-1.4994542772503412,51.072338433800866,0,"[255, 0, 0, 1]",371,,"('51.072338433800866', '-1.4994542772503412')",7,22,6,22
-2.3455295990028353,53.682165574756574,2,"[128, 128, 128, 1]",372,,"('53.682165574756574', '-2.3455295990028353')",26,28,30,28
-1.23958526808437,53.37342799866579,2,"[128, 128, 128, 1]",373,,"('53.37342799866579', '-1.23958526808437')",24,20,26,20
-1.3685329566636433,53.431745536798026,3,"[0, 255, 0, 1]",374,,"('53.431745536798026', '-1.3685329566636433')",25,21,28,20
-1.3346475641549715,52.423893587456945,3,"[0, 255, 0, 1]",375,,"('52.423893587456945', '-1.3346475641549715')",17,21,17,21
-0.4382359334240639,51.593080830115596,2,"[128, 128, 128, 1]",376,,"('51.593080830115596', '-0.4382359334240639')",11,14,14,14
-0.5260459060324898,51.38782860720328,1,"[0, 0, 255, 1]",377,,"('51.38782860720328', '-0.5260459060324898')",9,15,9,15
-1.0822200760784013,52.879183375989236,1,"[0, 0, 255, 1]",378,,"('52.879183375989236', '-1.0822200760784013')",20,19,20,19
-0.7926385706934068,52.70621497467379,3,"[0, 255, 0, 1]",379,,"('52.70621497467379', '-0.7926385706934068')",19,17,19,17
0.31028211866781824,51.90359671660963,3,"[0, 255, 0, 1]",380,,"('51.90359671660963', '0.31028211866781824')",13,9,13,8
-2.3129138853038906,53.4992454284285,0,"[255, 0, 0, 1]",381,,"('53.4992454284285', '-2.3129138853038906')",25,28,28,28
-1.8143111604213504,51.091057130593704,2,"[128, 128, 128, 1]",382,,"('51.091057130593704', '-1.8143111604213504')",7,24,7,24
-0.6701374062459527,54.38622907520059,0,"[255, 0, 0, 1]",383,,"('54.38622907520059', '-0.6701374062459527')",32,16,33,16
-0.5889035009339254,53.528755201384236,0,"[255, 0, 0, 1]",384,,"('53.528755201384236', '-0.5889035009339254')",25,15,26,15
-1.5097330843234753,54.61207114253333,2,"[128, 128, 128, 1]",385,,"('54.61207114253333', '-1.5097330843234753')",33,22,34,22
-3.0064354563423827,53.52590044751822,3,"[0, 255, 0, 1]",386,,"('53.52590044751822', '-3.0064354563423827')",25,32,27,32
-1.200533507344445,53.841643525274044,2,"[128, 128, 128, 1]",387,,"('53.841643525274044', '-1.200533507344445')",28,20,30,20
0.18183008821496482,51.310213693231276,3,"[0, 255, 0, 1]",388,,"('51.310213693231276', '0.18183008821496482')",9,10,9,10
-1.4738210560312919,53.37626291837013,3,"[0, 255, 0, 1]",389,,"('53.37626291837013', '-1.4738210560312919')",24,22,25,22
-1.3851160026377538,53.36393268045114,3,"[0, 255, 0, 1]",390,,"('53.36393268045114', '-1.3851160026377538')",24,21,24,21
-1.4671130606997493,53.41566863126033,1,"[0, 0, 255, 1]",391,,"('53.41566863126033', '-1.4671130606997493')",24,22,24,22
-1.5896882519748277,53.38190166004576,0,"[255, 0, 0, 1]",392,,"('53.38190166004576', '-1.5896882519748277')",24,22,24,23
-1.4570835216700835,53.34575672616026,1,"[0, 0, 255, 1]",393,,"('53.34575672616026', '-1.4570835216700835')",24,21,25,21
-1.0808585236084123,53.11755112303969,3,"[0, 255, 0, 1]",394,,"('53.11755112303969', '-1.0808585236084123')",22,19,22,19
-1.8231006909223029,53.850231448543624,3,"[0, 255, 0, 1]",395,,"('53.850231448543624', '-1.8231006909223029')",28,24,32,24
-2.7801874462593337,52.66922761247534,2,"[128, 128, 128, 1]",396,,"('52.66922761247534', '-2.7801874462593337')",19,31,19,31
0.775150591645191,51.36327659201697,0,"[255, 0, 0, 1]",397,,"('51.36327659201697', '0.775150591645191')",9,6,9,6
-1.9576246770361394,54.087826462986214,3,"[0, 255, 0, 1]",398,,"('54.087826462986214', '-1.9576246770361394')",29,25,33,25
-0.48656406634166216,53.05955732357169,0,"[255, 0, 0, 1]",399,,"('53.05955732357169', '-0.48656406634166216')",22,15,23,15
-0.6007595894867215,51.513397606952466,2,"[128, 128, 128, 1]",400,,"('51.513397606952466', '-0.6007595894867215')",10,15,11,15
-1.7970470967214678,52.419698604281926,1,"[0, 0, 255, 1]",401,,"('52.419698604281926', '-1.7970470967214678')",17,24,18,24
-2.55475784060927,51.10175805997708,3,"[0, 255, 0, 1]",402,,"('51.10175805997708', '-2.55475784060927')",7,29,7,29
0.43387275279749427,51.53192117883834,0,"[255, 0, 0, 1]",403,,"('51.53192117883834', '0.43387275279749427')",10,8,10,8
0.012227134736288586,52.164135375794956,1,"[0, 0, 255, 1]",404,,"('52.164135375794956', '0.012227134736288586')",15,11,27,11
-1.5595479969113877,52.83102301519388,1,"[0, 0, 255, 1]",405,,"('52.83102301519388', '-1.5595479969113877')",20,22,20,22
-2.201222588301188,50.65335136895797,2,"[128, 128, 128, 1]",406,,"('50.65335136895797', '-2.201222588301188')",4,27,4,27
0.2885509509560034,52.26348529249487,1,"[0, 0, 255, 1]",407,,"('52.26348529249487', '0.2885509509560034')",16,9,16,9
-4.452109439316806,50.43835609669361,2,"[128, 128, 128, 1]",408,,"('50.43835609669361', '-4.452109439316806')",2,43,2,43
-0.057592063934401715,52.78452057542835,2,"[128, 128, 128, 1]",409,,"('52.78452057542835', '-0.057592063934401715')",20,12,39,12
-1.1977125017185237,52.51469836874107,2,"[128, 128, 128, 1]",410,,"('52.51469836874107', '-1.1977125017185237')",18,20,18,20
1.30591116186455,52.50494362675113,0,"[255, 0, 0, 1]",411,,"('52.50494362675113', '1.30591116186455')",18,2,19,1
-1.041360516822529,52.11937505377539,0,"[255, 0, 0, 1]",412,,"('52.11937505377539', '-1.041360516822529')",15,19,15,19
-2.8128087345406985,53.68644433388002,0,"[255, 0, 0, 1]",413,,"('53.68644433388002', '-2.8128087345406985')",26,31,26,31
-1.4094188515460406,54.973213466073474,1,"[0, 0, 255, 1]",414,,"('54.973213466073474', '-1.4094188515460406')",36,21,38,21
-2.180654102748366,52.57906639773104,3,"[0, 255, 0, 1]",415,,"('52.57906639773104', '-2.180654102748366')",18,27,18,27
0.8813269323763968,52.05889064974113,3,"[0, 255, 0, 1]",416,,"('52.05889064974113', '0.8813269323763968')",14,5,14,4
-1.737681579635634,51.53331852410803,0,"[255, 0, 0, 1]",417,,"('51.53331852410803', '-1.737681579635634')",10,23,10,23
1.3129152660665098,51.29579091116853,0,"[255, 0, 0, 1]",418,,"('51.29579091116853', '1.3129152660665098')",8,2,9,3
-0.5769772709270382,51.895894139207606,0,"[255, 0, 0, 1]",419,,"('51.895894139207606', '-0.5769772709270382')",13,15,14,15
-3.9724199297338143,50.38335576116085,2,"[128, 128, 128, 1]",420,,"('50.38335576116085', '-3.9724199297338143')",2,39,2,39
-0.553024650308423,51.725102449479046,1,"[0, 0, 255, 1]",421,,"('51.725102449479046', '-0.553024650308423')",12,15,13,16
0.5811211809510592,52.553474273808824,2,"[128, 128, 128, 1]",422,,"('52.553474273808824', '0.5811211809510592')",18,7,18,7
-0.6837667269611786,51.152357909126394,2,"[128, 128, 128, 1]",423,,"('51.152357909126394', '-0.6837667269611786')",7,16,7,16
-2.1349915933924635,51.149669505564894,3,"[0, 255, 0, 1]",424,,"('51.149669505564894', '-2.1349915933924635')",7,26,7,26
-1.366065828900576,50.90742668352867,3,"[0, 255, 0, 1]",425,,"('50.90742668352867', '-1.366065828900576')",6,21,7,21
-1.430228901988713,50.924099329440864,2,"[128, 128, 128, 1]",426,,"('50.924099329440864', '-1.430228901988713')",6,21,7,22
0.6639779505736618,51.55431590538592,3,"[0, 255, 0, 1]",427,,"('51.55431590538592', '0.6639779505736618')",10,7,11,7
-3.0032416750529296,53.64027600942928,0,"[255, 0, 0, 1]",428,,"('53.64027600942928', '-3.0032416750529296')",26,32,29,32
-0.46796431096661373,51.424772449918805,3,"[0, 255, 0, 1]",429,,"('51.424772449918805', '-0.46796431096661373')",9,15,8,16
-0.33797125413420825,51.732149155351195,2,"[128, 128, 128, 1]",430,,"('51.732149155351195', '-0.33797125413420825')",12,14,18,14
-4.872636808257038,50.37212969482629,1,"[0, 0, 255, 1]",431,,"('50.37212969482629', '-4.872636808257038')",2,46,2,46
-2.7161378692075955,53.47946158280121,3,"[0, 255, 0, 1]",432,,"('53.47946158280121', '-2.7161378692075955')",25,30,26,30
-2.744470475140153,53.423428522743585,0,"[255, 0, 0, 1]",433,,"('53.423428522743585', '-2.744470475140153')",24,31,24,30
-5.43041990711549,50.09890404470085,0,"[255, 0, 0, 1]",434,,"('50.09890404470085', '-5.43041990711549')",0,50,0,50
-2.128590059009201,52.76897442556696,3,"[0, 255, 0, 1]",435,,"('52.76897442556696', '-2.128590059009201')",20,26,24,26
-1.9820323049069803,53.094664949088994,1,"[0, 0, 255, 1]",436,,"('53.094664949088994', '-1.9820323049069803')",22,25,26,25
-2.0324331892471537,53.47686928876084,3,"[0, 255, 0, 1]",437,,"('53.47686928876084', '-2.0324331892471537')",25,26,29,26
-0.19408471930278404,51.881701607763276,3,"[0, 255, 0, 1]",438,,"('51.881701607763276', '-0.19408471930278404')",13,13,29,13
-2.1675394337674794,53.41088236227075,2,"[128, 128, 128, 1]",439,,"('53.41088236227075', '-2.1675394337674794')",24,26,24,25
-1.3285900928435206,54.59185045009421,3,"[0, 255, 0, 1]",440,,"('54.59185045009421', '-1.3285900928435206')",33,21,35,21
-1.33733404049269,54.51831110606281,0,"[255, 0, 0, 1]",441,,"('54.51831110606281', '-1.33733404049269')",33,21,34,21
-2.164112857427901,53.0169078991589,0,"[255, 0, 0, 1]",442,,"('53.0169078991589', '-2.164112857427901')",21,26,26,26
-2.2042960708084984,53.0659273915651,3,"[0, 255, 0, 1]",443,,"('53.0659273915651', '-2.2042960708084984')",22,27,21,27
-2.1444787266901,52.97953137225185,3,"[0, 255, 0, 1]",444,,"('52.97953137225185', '-2.1444787266901')",21,26,25,26
-2.209697263798796,52.88923564269058,3,"[0, 255, 0, 1]",445,,"('52.88923564269058', '-2.209697263798796')",20,27,20,27
-2.129037135409921,52.45545091119853,3,"[0, 255, 0, 1]",446,,"('52.45545091119853', '-2.129037135409921')",17,26,18,26
-1.7128471849613895,52.16829954446396,3,"[0, 255, 0, 1]",447,,"('52.16829954446396', '-1.7128471849613895')",15,23,15,23
-0.1282461495526512,51.43873025731618,2,"[128, 128, 128, 1]",448,,"('51.43873025731618', '-0.1282461495526512')",10,12,16,12
-2.3524005835127406,53.4463567878384,2,"[128, 128, 128, 1]",449,,"('53.4463567878384', '-2.3524005835127406')",25,28,27,28
-2.2932237173768364,51.743994637015064,2,"[128, 128, 128, 1]",450,,"('51.743994637015064', '-2.2932237173768364')",12,27,12,27
1.4790006095078128,52.19587367303314,3,"[0, 255, 0, 1]",451,,"('52.19587367303314', '1.4790006095078128')",15,1,15,1
-1.3881055851911155,54.90264100219698,1,"[0, 0, 255, 1]",452,,"('54.90264100219698', '-1.3881055851911155')",36,21,37,21
-0.6764335637911221,51.33187045971639,2,"[128, 128, 128, 1]",453,,"('51.33187045971639', '-0.6764335637911221')",9,16,9,16
-0.2089023550363049,51.36308749321837,3,"[0, 255, 0, 1]",454,,"('51.36308749321837', '-0.2089023550363049')",9,13,12,13
-1.8131858530395872,52.561758700894316,3,"[0, 255, 0, 1]",455,,"('52.561758700894316', '-1.8131858530395872')",18,24,19,24
-1.7413178341455327,52.646444236580216,0,"[255, 0, 0, 1]",456,,"('52.646444236580216', '-1.7413178341455327')",19,23,19,23
-2.391732536056013,53.2977221449458,2,"[128, 128, 128, 1]",457,,"('53.2977221449458', '-2.391732536056013')",24,28,23,29
-3.1573350597227603,51.010510939095326,0,"[255, 0, 0, 1]",458,,"('51.010510939095326', '-3.1573350597227603')",6,33,6,33
-2.4549052638698736,52.664697800489016,2,"[128, 128, 128, 1]",459,,"('52.664697800489016', '-2.4549052638698736')",19,29,19,29
-2.060198829859855,51.94842443280666,2,"[128, 128, 128, 1]",460,,"('51.94842443280666', '-2.060198829859855')",13,26,14,26
-1.9173996131890327,51.806517191729995,1,"[0, 0, 255, 1]",461,,"('51.806517191729995', '-1.9173996131890327')",12,25,11,25
-2.4447727502684784,52.72046741312356,1,"[0, 0, 255, 1]",462,,"('52.72046741312356', '-2.4447727502684784')",19,28,19,28
-0.9358084711353903,54.198234182161826,3,"[0, 255, 0, 1]",463,,"('54.198234182161826', '-0.9358084711353903')",30,18,30,18
-2.4291278661568465,51.55391988017372,1,"[0, 0, 255, 1]",464,,"('51.55391988017372', '-2.4291278661568465')",10,28,10,28
0.30657672853165413,51.49306770458201,1,"[0, 0, 255, 1]",465,,"('51.49306770458201', '0.30657672853165413')",10,9,10,9
-3.2629038524115597,50.86086836430879,3,"[0, 255, 0, 1]",466,,"('50.86086836430879', '-3.2629038524115597')",5,34,5,34
0.2594194407518356,51.233781914548906,3,"[0, 255, 0, 1]",467,,"('51.233781914548906', '0.2594194407518356')",8,9,8,9
-0.16549124266139723,51.436741797218936,2,"[128, 128, 128, 1]",468,,"('51.436741797218936', '-0.16549124266139723')",10,12,13,12
-3.5470550034492003,50.46694392808369,3,"[0, 255, 0, 1]",469,,"('50.46694392808369', '-3.5470550034492003')",2,36,2,36
-4.182658011011721,50.763343032165956,1,"[0, 0, 255, 1]",470,,"('50.763343032165956', '-4.182658011011721')",4,41,4,41
-3.725216124999117,50.37134027455175,0,"[255, 0, 0, 1]",471,,"('50.37134027455175', '-3.725216124999117')",2,37,2,37
-0.07838670231260815,51.59115738899116,0,"[255, 0, 0, 1]",472,,"('51.59115738899116', '-0.07838670231260815')",11,12,29,12
-5.046932475829728,50.27765892101964,3,"[0, 255, 0, 1]",473,,"('50.27765892101964', '-5.046932475829728')",1,47,1,47
0.38598427279705994,51.12017534544179,3,"[0, 255, 0, 1]",474,,"('51.12017534544179', '0.38598427279705994')",7,8,7,8
-0.34506170538526076,51.429055282691095,3,"[0, 255, 0, 1]",475,,"('51.429055282691095', '-0.34506170538526076')",9,14,10,14
-1.4804143537204462,55.03482775870649,1,"[0, 0, 255, 1]",476,,"('55.03482775870649', '-1.4804143537204462')",37,22,38,22
-0.4418881936638935,51.543974745413664,2,"[128, 128, 128, 1]",477,,"('51.543974745413664', '-0.4418881936638935')",10,14,11,14
-0.12118560231012171,51.47844475696551,2,"[128, 128, 128, 1]",478,,"('51.47844475696551', '-0.12118560231012171')",10,12,14,11
-1.5487507075539877,53.651253714271355,2,"[128, 128, 128, 1]",479,,"('53.651253714271355', '-1.5487507075539877')",26,22,26,22
-3.077241000284312,53.41461931127531,2,"[128, 128, 128, 1]",480,,"('53.41461931127531', '-3.077241000284312')",24,33,25,33
-2.0171734997772157,52.605763953606306,1,"[0, 0, 255, 1]",481,,"('52.605763953606306', '-2.0171734997772157')",18,25,22,25
-1.975881718572634,52.57385739470436,2,"[128, 128, 128, 1]",482,,"('52.57385739470436', '-1.975881718572634')",18,25,21,25
-0.027788329101525486,51.585128795212476,2,"[128, 128, 128, 1]",483,,"('51.585128795212476', '-0.027788329101525486')",11,11,20,11
-1.6366172690797003,55.169835758745535,3,"[0, 255, 0, 1]",484,,"('55.169835758745535', '-1.6366172690797003')",38,23,40,23
-1.4222800246067915,51.6150551721226,2,"[128, 128, 128, 1]",485,,"('51.6150551721226', '-1.4222800246067915')",11,21,11,21
-1.9876695662848338,52.48680995643611,1,"[0, 0, 255, 1]",486,,"('52.48680995643611', '-1.9876695662848338')",17,25,15,24
-2.5514154395747757,53.42696154235021,0,"[255, 0, 0, 1]",487,,"('53.42696154235021', '-2.5514154395747757')",24,29,24,29
-2.574457749509384,53.3705969633268,2,"[128, 128, 128, 1]",488,,"('53.3705969633268', '-2.574457749509384')",24,29,25,29
-1.5824384903002235,52.268636536588176,3,"[0, 255, 0, 1]",489,,"('52.268636536588176', '-1.5824384903002235')",16,22,15,22
-1.5005235484502661,54.908111750581845,2,"[128, 128, 128, 1]",490,,"('54.908111750581845', '-1.5005235484502661')",36,22,39,22
-0.407260288773906,51.67271741672896,1,"[0, 0, 255, 1]",491,,"('51.67271741672896', '-0.407260288773906')",11,14,16,14
1.5693021788157682,52.442007919149546,3,"[0, 255, 0, 1]",492,,"('52.442007919149546', '1.5693021788157682')",17,0,17,0
0.16767741154466512,51.01198648193394,1,"[0, 0, 255, 1]",493,,"('51.01198648193394', '0.16767741154466512')",6,10,6,10
-2.650441696108798,53.275967436664196,3,"[0, 255, 0, 1]",494,,"('53.275967436664196', '-2.650441696108798')",23,30,23,30
-0.6692597546743773,52.29074780000625,2,"[128, 128, 128, 1]",495,,"('52.29074780000625', '-0.6692597546743773')",16,16,17,16
-2.737793398132835,51.23056335832431,2,"[128, 128, 128, 1]",496,,"('51.23056335832431', '-2.737793398132835')",8,31,8,31
-0.20183196876798534,51.77514178466109,3,"[0, 255, 0, 1]",497,,"('51.77514178466109', '-0.20183196876798534')",12,13,28,13
-1.3358710301837837,53.48337272954735,3,"[0, 255, 0, 1]",498,,"('53.48337272954735', '-1.3358710301837837')",25,21,27,20
-1.9775543337353125,52.53597423441405,1,"[0, 0, 255, 1]",499,,"('52.53597423441405', '-1.9775543337353125')",18,25,18,25
-2.0364408329738306,52.5290485908757,1,"[0, 0, 255, 1]",500,,"('52.5290485908757', '-2.0364408329738306')",18,26,19,27
-2.5893008001022246,50.79054088726156,1,"[0, 0, 255, 1]",501,,"('50.79054088726156', '-2.5893008001022246')",5,29,5,29
0.014347063452795626,51.5306903392263,2,"[128, 128, 128, 1]",502,,"('51.5306903392263', '0.014347063452795626')",10,11,10,11
-2.866820923454133,53.57325723145285,0,"[255, 0, 0, 1]",503,,"('53.57325723145285', '-2.866820923454133')",26,31,27,31
0.5977921246648721,52.29425097982602,0,"[255, 0, 0, 1]",504,,"('52.29425097982602', '0.5977921246648721')",16,7,16,7
-2.294031918968004,52.16077397930963,0,"[255, 0, 0, 1]",505,,"('52.16077397930963', '-2.294031918968004')",15,27,15,27
-0.18043944328507758,51.52668002581401,1,"[0, 0, 255, 1]",506,,"('51.52668002581401', '-0.18043944328507758')",10,12,11,12
-2.784350858278767,54.32187480785005,3,"[0, 255, 0, 1]",507,,"('54.32187480785005', '-2.784350858278767')",31,31,32,31
-2.872300758866894,51.342473560440034,2,"[128, 128, 128, 1]",508,,"('51.342473560440034', '-2.872300758866894')",9,31,10,31
-2.6433148802221345,53.56679879889926,2,"[128, 128, 128, 1]",509,,"('53.56679879889926', '-2.6433148802221345')",26,30,28,31
-0.21739535036628274,51.41688266833826,2,"[128, 128, 128, 1]",510,,"('51.41688266833826', '-0.21739535036628274')",9,13,10,13
-1.2897417847702135,51.09194744227468,2,"[128, 128, 128, 1]",511,,"('51.09194744227468', '-1.2897417847702135')",7,20,7,20
-0.6546928513071852,51.4419717475038,0,"[255, 0, 0, 1]",512,,"('51.4419717475038', '-0.6546928513071852')",10,16,11,16
-3.0292772812344944,53.329514196976255,2,"[128, 128, 128, 1]",513,,"('53.329514196976255', '-3.0292772812344944')",24,33,25,34
-3.1300320079199593,53.369499210459274,1,"[0, 0, 255, 1]",514,,"('53.369499210459274', '-3.1300320079199593')",24,33,23,33
0.7095608304661498,51.809765739351036,3,"[0, 255, 0, 1]",515,,"('51.809765739351036', '0.7095608304661498')",12,6,12,6
-1.5068828461267545,51.83767128128787,2,"[128, 128, 128, 1]",516,,"('51.83767128128787', '-1.5068828461267545')",13,22,12,22
-0.6002077012040399,51.30067317184815,2,"[128, 128, 128, 1]",517,,"('51.30067317184815', '-0.6002077012040399')",9,15,10,15
-0.9909446976173616,51.40397365040814,1,"[0, 0, 255, 1]",518,,"('51.40397365040814', '-0.9909446976173616')",9,18,9,18
-2.1062086621877443,52.61123246426298,0,"[255, 0, 0, 1]",519,,"('52.61123246426298', '-2.1062086621877443')",18,26,21,26
-2.094237718991724,52.56463527832115,0,"[255, 0, 0, 1]",520,,"('52.56463527832115', '-2.094237718991724')",18,26,22,26
-2.160477032191215,52.58555819648182,0,"[255, 0, 0, 1]",521,,"('52.58555819648182', '-2.160477032191215')",18,26,20,26
-2.2112603838441136,52.19674680864633,2,"[128, 128, 128, 1]",522,,"('52.19674680864633', '-2.2112603838441136')",15,27,16,28
-3.2814778757096934,54.771043469692096,0,"[255, 0, 0, 1]",523,,"('54.771043469692096', '-3.2814778757096934')",35,34,35,34
-2.410740447412106,53.48269826526674,0,"[255, 0, 0, 1]",524,,"('53.48269826526674', '-2.410740447412106')",25,28,26,28
-0.4353322500460514,50.82059392093676,2,"[128, 128, 128, 1]",525,,"('50.82059392093676', '-0.4353322500460514')",5,14,5,14
-0.8248936212532836,51.60796306578297,1,"[0, 0, 255, 1]",526,,"('51.60796306578297', '-0.8248936212532836')",11,17,11,17
-2.776662008741767,53.855853741860614,1,"[0, 0, 255, 1]",527,,"('53.855853741860614', '-2.776662008741767')",28,31,29,31
-2.2746557104450624,52.37959158114841,3,"[0, 255, 0, 1]",528,,"('52.37959158114841', '-2.2746557104450624')",17,27,17,27
-2.281528599761064,53.3925257915588,3,"[0, 255, 0, 1]",529,,"('53.3925257915588', '-2.281528599761064')",24,27,25,27
-2.817414947712852,50.91925641316621,1,"[0, 0, 255, 1]",530,,"('50.91925641316621', '-2.817414947712852')",6,31,6,31
-1.0922975048286059,53.95674881479849,1,"[0, 0, 255, 1]",531,,"('53.95674881479849', '-1.0922975048286059')",28,19,28,19
-1.0585209586873456,53.95896046935774,2,"[128, 128, 128, 1]",532,,"('53.95896046935774', '-1.0585209586873456')",28,19,29,19
